{
  "seed": 3,
  "event_records": [],
  "p_scores": [
    0.2619047619047619,
    0.3333333333333333,
    0.17857142857142858,
    0.09523809523809523,
    0.32142857142857145,
    0.42857142857142855,
    0.6785714285714286,
    0.5833333333333334,
    0.3333333333333333,
    0.35714285714285715,
    0.6071428571428571,
    0.15476190476190477,
    0.16666666666666666,
    0.5952380952380952,
    0.3333333333333333,
    0.5238095238095238,
    0.38095238095238093,
    0.6309523809523809,
    0.35714285714285715,
    0.40476190476190477,
    0.38095238095238093,
    0.38095238095238093,
    0.23809523809523808,
    0.2261904761904762,
    0.20238095238095238,
    0.4166666666666667,
    0.2619047619047619,
    0.6071428571428571,
    0.2976190476190476,
    0.14285714285714285
  ],
  "g_scores": [
    0.15476190476190477,
    0.21428571428571427,
    0.16666666666666666,
    0.20238095238095238,
    0.19047619047619047,
    0.23809523809523808,
    0.2976190476190476,
    0.15476190476190477,
    0.2857142857142857,
    0.21428571428571427,
    0.17857142857142858,
    0.2857142857142857,
    0.20238095238095238,
    0.21428571428571427,
    0.19047619047619047,
    0.39285714285714285,
    0.32142857142857145,
    0.27380952380952384,
    0.11904761904761904,
    0.11904761904761904,
    0.32142857142857145,
    0.23809523809523808,
    0.16666666666666666,
    0.38095238095238093,
    0.21428571428571427,
    0.36904761904761907,
    0.19047619047619047,
    0.3333333333333333,
    0.16666666666666666,
    0.14285714285714285
  ],
  "forgetting_ratios": [
    0.0,
    0.0,
    0.0,
    0.0,
    0.0,
    0.0,
    0.0,
    0.0,
    0.0,
    0.0,
    0.0,
    0.0,
    0.0,
    0.0,
    0.0,
    0.0,
    0.0,
    0.0,
    0.0,
    0.0,
    0.0,
    0.0,
    0.0,
    0.0,
    0.0,
    0.0,
    0.0,
    0.0,
    0.0,
    0.0
  ],
  "retention": {},
  "detection": {
    "accuracy": {
      "mean": 1.0,
      "std": 0.0,
      "min": 1.0,
      "max": 1.0,
      "median": 1.0,
      "count": 1
    },
    "precision": {
      "mean": 0.0,
      "std": 0.0,
      "min": 0.0,
      "max": 0.0,
      "median": 0.0,
      "count": 1
    },
    "recall": {
      "mean": 0.0,
      "std": 0.0,
      "min": 0.0,
      "max": 0.0,
      "median": 0.0,
      "count": 1
    },
    "f1": {
      "mean": 0.0,
      "std": 0.0,
      "min": 0.0,
      "max": 0.0,
      "median": 0.0,
      "count": 1
    }
  },
  "overall_current": [
    0.2619047619047619,
    0.34523809523809523,
    0.3333333333333333,
    0.30952380952380953,
    0.17857142857142858,
    0.2619047619047619,
    0.5476190476190477,
    0.25,
    0.23809523809523808,
    0.09523809523809523,
    0.32142857142857145,
    0.32142857142857145,
    0.42857142857142855,
    0.3333333333333333,
    0.6785714285714286,
    0.2857142857142857,
    0.5833333333333334,
    0.3333333333333333,
    0.35714285714285715,
    0.6071428571428571,
    0.15476190476190477,
    0.6190476190476191,
    0.3333333333333333,
    0.16666666666666666,
    0.16666666666666666,
    0.6547619047619048,
    0.27380952380952384,
    0.5952380952380952,
    0.3333333333333333,
    0.5238095238095238,
    0.38095238095238093,
    0.6309523809523809,
    0.32142857142857145,
    0.35714285714285715,
    0.2857142857142857,
    0.40476190476190477,
    0.2976190476190476,
    0.25,
    0.38095238095238093,
    0.6190476190476191,
    0.2976190476190476,
    0.47619047619047616,
    0.38095238095238093,
    0.47619047619047616,
    0.27380952380952384,
    0.23809523809523808,
    0.2261904761904762,
    0.20238095238095238,
    0.4166666666666667,
    0.2619047619047619,
    0.6071428571428571,
    0.2261904761904762,
    0.2619047619047619,
    0.5595238095238095,
    0.5952380952380952,
    0.2857142857142857,
    0.6547619047619048,
    0.2976190476190476,
    0.35714285714285715,
    0.14285714285714285
  ],
  "overall_old": [
    0.2619047619047619,
    0.15476190476190477,
    0.35714285714285715,
    0.21428571428571427,
    0.15476190476190477,
    0.16666666666666666,
    0.20238095238095238,
    0.19047619047619047,
    0.23809523809523808,
    0.25,
    0.2976190476190476,
    0.16666666666666666,
    0.19047619047619047,
    0.15476190476190477,
    0.2619047619047619,
    0.2857142857142857,
    0.16666666666666666,
    0.25,
    0.30952380952380953,
    0.2976190476190476,
    0.27380952380952384,
    0.21428571428571427,
    0.17857142857142858,
    0.14285714285714285,
    0.2857142857142857,
    0.20238095238095238,
    0.21428571428571427,
    0.2976190476190476,
    0.25,
    0.15476190476190477,
    0.14285714285714285,
    0.32142857142857145,
    0.19047619047619047,
    0.17857142857142858,
    0.39285714285714285,
    0.2976190476190476,
    0.32142857142857145,
    0.27380952380952384,
    0.09523809523809523,
    0.11904761904761904,
    0.11904761904761904,
    0.32142857142857145,
    0.20238095238095238,
    0.23809523809523808,
    0.16666666666666666,
    0.2976190476190476,
    0.11904761904761904,
    0.27380952380952384,
    0.17857142857142858,
    0.2619047619047619,
    0.14285714285714285,
    0.38095238095238093,
    0.21428571428571427,
    0.36904761904761907,
    0.19047619047619047,
    0.3333333333333333,
    0.16666666666666666,
    0.19047619047619047,
    0.14285714285714285,
    0.17857142857142858
  ],
  "stats": {
    "p_scores": {
      "mean": 0.3626984126984127,
      "std": 0.1612639852144774,
      "min": 0.09523809523809523,
      "max": 0.6785714285714286,
      "median": 0.34523809523809523,
      "count": 30
    },
    "g_scores": {
      "mean": 0.23134920634920633,
      "std": 0.07751083789974238,
      "min": 0.11904761904761904,
      "max": 0.39285714285714285,
      "median": 0.21428571428571427,
      "count": 30
    },
    "objective_aware": {
      "mean": 0.26038670634920635,
      "std": 0.15306244565954422,
      "min": 0.09523809523809523,
      "max": 0.6785714285714286,
      "median": 0.15925,
      "count": 60
    },
    "forgetting": {
      "mean": 0.0,
      "std": 0.0,
      "min": 0.0,
      "max": 0.0,
      "median": 0.0,
      "count": 30
    },
    "overall_current": {
      "mean": 0.3676587301587302,
      "std": 0.15272439836290358,
      "min": 0.09523809523809523,
      "max": 0.6785714285714286,
      "median": 0.3333333333333333,
      "count": 60
    },
    "overall_old": {
      "mean": 0.22678571428571428,
      "std": 0.0731046624468703,
      "min": 0.09523809523809523,
      "max": 0.39285714285714285,
      "median": 0.21428571428571427,
      "count": 60
    },
    "overall_global": {
      "mean": 0.15655833333333333,
      "std": 0.001861386549592979,
      "min": 0.15425,
      "max": 0.1605,
      "median": 0.157,
      "count": 60
    },
    "across_time": {
      "local_all": {
        "mean": 0.47121362433862435,
        "std": 0.27025584120481166,
        "min": 0.2599206349206349,
        "max": 0.9743055555555554,
        "median": 0.38005952380952385,
        "count": 6
      },
      "global_all": {
        "mean": 0.18475347222222221,
        "std": 0.043317141479431394,
        "min": 0.146775,
        "max": 0.24283750000000007,
        "median": 0.16834583333333333,
        "count": 6
      },
      "objective_aware": {
        "mean": 0.330551455026455,
        "std": 0.14293641308665028,
        "min": 0.2077224206349206,
        "max": 0.5972789682539683,
        "median": 0.30127777777777776,
        "count": 6
      },
      "objective_aware_old": {
        "mean": 0.34914021164021164,
        "std": 0.1353224447870941,
        "min": 0.23551587301587296,
        "max": 0.5938492063492063,
        "median": 0.30267857142857146,
        "count": 6
      },
      "objective_aware_global": {
        "mean": 0.330551455026455,
        "std": 0.14293641308665028,
        "min": 0.2077224206349206,
        "max": 0.5972789682539683,
        "median": 0.30127777777777776,
        "count": 6
      }
    },