{
  "seed": 2,
  "event_records": [],
  "p_scores": [
    0.5119047619047619,
    0.16666666666666666,
    0.34523809523809523,
    0.23809523809523808,
    0.39285714285714285,
    0.39285714285714285,
    0.05952380952380952,
    0.6904761904761905,
    0.20238095238095238,
    0.27380952380952384,
    0.36904761904761907,
    0.40476190476190477,
    0.20238095238095238,
    0.4523809523809524,
    0.19047619047619047,
    0.4523809523809524,
    0.39285714285714285,
    0.09523809523809523,
    0.5595238095238095,
    0.21428571428571427,
    0.47619047619047616,
    0.6904761904761905,
    0.30952380952380953,
    0.23809523809523808,
    0.6190476190476191,
    0.23809523809523808,
    0.25,
    0.30952380952380953,
    0.16666666666666666,
    0.20238095238095238
  ],
  "g_scores": [
    0.3333333333333333,
    0.16666666666666666,
    0.21428571428571427,
    0.38095238095238093,
    0.19047619047619047,
    0.36904761904761907,
    0.2857142857142857,
    0.35714285714285715,
    0.25,
    0.2976190476190476,
    0.2619047619047619,
    0.40476190476190477,
    0.15476190476190477,
    0.21428571428571427,
    0.27380952380952384,
    0.2261904761904762,
    0.3333333333333333,
    0.16666666666666666,
    0.03571428571428571,
    0.23809523809523808,
    0.10714285714285714,
    0.23809523809523808,
    0.2857142857142857,
    0.27380952380952384,
    0.38095238095238093,
    0.2976190476190476,
    0.2261904761904762,
    0.42857142857142855,
    0.21428571428571427,
    0.27380952380952384
  ],
  "forgetting_ratios": [
    0.0,
    0.0,
    0.0,
    0.0,
    0.0,
    0.0,
    0.0,
    0.0,
    0.0,
    0.0,
    0.0,
    0.0,
    0.0,
    0.0,
    0.0,
    0.0,
    0.0,
    0.0,
    0.0,
    0.0,
    0.0,
    0.0,
    0.0,
    0.0,
    0.0,
    0.0,
    0.0,
    0.0,
    0.0,
    0.0
  ],
  "retention": {},
  "detection": {
    "accuracy": {
      "mean": 1.0,
      "std": 0.0,
      "min": 1.0,
      "max": 1.0,
      "median": 1.0,
      "count": 1
    },
    "precision": {
      "mean": 0.0,
      "std": 0.0,
      "min": 0.0,
      "max": 0.0,
      "median": 0.0,
      "count": 1
    },
    "recall": {
      "mean": 0.0,
      "std": 0.0,
      "min": 0.0,
      "max": 0.0,
      "median": 0.0,
      "count": 1
    },
    "f1": {
      "mean": 0.0,
      "std": 0.0,
      "min": 0.0,
      "max": 0.0,
      "median": 0.0,
      "count": 1
    }
  },
  "overall_current": [
    0.5119047619047619,
    0.5119047619047619,
    0.16666666666666666,
    0.34523809523809523,
    0.23809523809523808,
    0.23809523809523808,
    0.39285714285714285,
    0.38095238095238093,
    0.39285714285714285,
    0.05952380952380952,
    0.40476190476190477,
    0.6904761904761905,
    0.20238095238095238,
    0.27380952380952384,
    0.2619047619047619,
    0.7023809523809523,
    0.2857142857142857,
    0.27380952380952384,
    0.6904761904761905,
    0.36904761904761907,
    0.10714285714285714,
    0.40476190476190477,
    0.20238095238095238,
    0.4523809523809524,
    0.2976190476190476,
    0.14285714285714285,
    0.19047619047619047,
    0.5952380952380952,
    0.2619047619047619,
    0.36904761904761907,
    0.2857142857142857,
    0.4523809523809524,
    0.20238095238095238,
    0.39285714285714285,
    0.6547619047619048,
    0.6428571428571429,
    0.09523809523809523,
    0.5595238095238095,
    0.4166666666666667,
    0.21428571428571427,
    0.6904761904761905,
    0.47619047619047616,
    0.6904761904761905,
    0.25,
    0.34523809523809523,
    0.30952380952380953,
    0.16666666666666666,
    0.23809523809523808,
    0.6190476190476191,
    0.23809523809523808,
    0.16666666666666666,
    0.25,
    0.09523809523809523,
    0.14285714285714285,
    0.30952380952380953,
    0.6309523809523809,
    0.6071428571428571,
    0.16666666666666666,
    0.3333333333333333,
    0.20238095238095238
  ],
  "overall_old": [
    0.25,
    0.3333333333333333,
    0.23809523809523808,
    0.20238095238095238,
    0.16666666666666666,
    0.17857142857142858,
    0.25,
    0.21428571428571427,
    0.13095238095238096,
    0.23809523809523808,
    0.38095238095238093,
    0.36904761904761907,
    0.16666666666666666,
    0.19047619047619047,
    0.36904761904761907,
    0.2857142857142857,
    0.35714285714285715,
    0.21428571428571427,
    0.25,
    0.17857142857142858,
    0.2976190476190476,
    0.16666666666666666,
    0.40476190476190477,
    0.11904761904761904,
    0.2619047619047619,
    0.40476190476190477,
    0.39285714285714285,
    0.15476190476190477,
    0.21428571428571427,
    0.27380952380952384,
    0.2261904761904762,
    0.25,
    0.3333333333333333,
    0.2261904761904762,
    0.16666666666666666,
    0.03571428571428571,
    0.39285714285714285,
    0.23809523809523808,
    0.23809523809523808,
    0.23809523809523808,
    0.10714285714285714,
    0.4166666666666667,
    0.40476190476190477,
    0.23809523809523808,
    0.2857142857142857,
    0.25,
    0.27380952380952384,
    0.20238095238095238,
    0.09523809523809523,
    0.23809523809523808,
    0.38095238095238093,
    0.27380952380952384,
    0.2976190476190476,
    0.2261904761904762,
    0.16666666666666666,
    0.42857142857142855,
    0.21428571428571427,
    0.19047619047619047,
    0.27380952380952384,
    0.11904761904761904
  ],
  "stats": {
    "p_scores": {
      "mean": 0.33690476190476193,
      "std": 0.16581856702264222,
      "min": 0.05952380952380952,
      "max": 0.6904761904761905,
      "median": 0.30952380952380953,
      "count": 30
    },
    "g_scores": {
      "mean": 0.2626984126984127,
      "std": 0.08941197057545042,
      "min": 0.03571428571428571,
      "max": 0.42857142857142855,
      "median": 0.2678571428571429,
      "count": 30
    },
    "objective_aware": {
      "mean": 0.2507107142857143,
      "std": 0.1451771895327923,
      "min": 0.05952380952380952,
      "max": 0.6904761904761905,
      "median": 0.1695,
      "count": 60
    },
    "forgetting": {
      "mean": 0.0,
      "std": 0.0,
      "min": 0.0,
      "max": 0.0,
      "median": 0.0,
      "count": 30
    },
    "overall_current": {
      "mean": 0.3543650793650794,
      "std": 0.18086855385266895,
      "min": 0.05952380952380952,
      "max": 0.7023809523809523,
      "median": 0.30952380952380953,
      "count": 60
    },
    "overall_old": {
      "mean": 0.2513888888888889,
      "std": 0.09037449327481613,
      "min": 0.03571428571428571,
      "max": 0.42857142857142855,
      "median": 0.23809523809523808,
      "count": 60
    },
    "overall_global": {
      "mean": 0.16139583333333335,
      "std": 0.004894283172065305,
      "min": 0.15575,
      "max": 0.17075,
      "median": 0.16025,
      "count": 60
    },
    "across_time": {
      "local_all": {
        "mean": 0.505489417989418,
        "std": 0.24308552347376874,
        "min": 0.30416666666666675,
        "max": 0.9676587301587303,
        "median": 0.4215277777777778,
        "count": 6
      },
      "global_all": {
        "mean": 0.18850972222222223,
        "std": 0.04806278653047566,
        "min": 0.14630833333333332,
        "max": 0.25361249999999996,
        "median": 0.16616041666666667,
        "count": 6
      },
      "objective_aware": {
        "mean": 0.34411838624338625,
        "std": 0.1346141746135672,
        "min": 0.2183672619047619,
        "max": 0.5943769841269843,
        "median": 0.31629097222222224,
        "count": 6
      },
      "objective_aware_old": {
        "mean": 0.3673941798941799,
        "std": 0.12687567706917993,
        "min": 0.2347222222222222,
        "max": 0.5875,
        "median": 0.3212301587301587,
        "count": 6
      },
      "objective_aware_global": {
        "mean": 0.34411838624338625,
        "std": 0.1346141746135672,
        "min": 0.2183672619047619,
        "max": 0.5943769841269843,
        "median": 0.31629097222222224,
        "count": 6
      }
    },
    "objective_aware_old": {
      "mean": 0.2998015873015873,