{
  "seed": 1,
  "event_records": [],
  "p_scores": [
    0.44047619047619047,
    0.2619047619047619,
    0.40476190476190477,
    0.44047619047619047,
    0.2261904761904762,
    0.27380952380952384,
    0.10714285714285714,
    0.07142857142857142,
    0.20238095238095238,
    0.6309523809523809,
    0.2857142857142857,
    0.40476190476190477,
    0.4880952380952381,
    0.40476190476190477,
    0.4642857142857143,
    0.5238095238095238,
    0.09523809523809523,
    0.5119047619047619,
    0.2976190476190476,
    0.2261904761904762,
    0.5357142857142857,
    0.13095238095238096,
    0.07142857142857142,
    0.35714285714285715,
    0.44047619047619047,
    0.25,
    0.40476190476190477,
    0.4166666666666667,
    0.07142857142857142,
    0.5476190476190477
  ],
  "g_scores": [
    0.17857142857142858,
    0.2619047619047619,
    0.19047619047619047,
    0.16666666666666666,
    0.35714285714285715,
    0.17857142857142858,
    0.2619047619047619,
    0.19047619047619047,
    0.35714285714285715,
    0.13095238095238096,
    0.21428571428571427,
    0.13095238095238096,
    0.20238095238095238,
    0.21428571428571427,
    0.15476190476190477,
    0.32142857142857145,
    0.35714285714285715,
    0.19047619047619047,
    0.23809523809523808,
    0.20238095238095238,
    0.15476190476190477,
    0.14285714285714285,
    0.2976190476190476,
    0.25,
    0.15476190476190477,
    0.39285714285714285,
    0.10714285714285714,
    0.16666666666666666,
    0.2976190476190476,
    0.23809523809523808
  ],
  "forgetting_ratios": [
    0.0,
    0.0,
    0.0,
    0.0,
    0.0,
    0.0,
    0.0,
    0.0,
    0.0,
    0.0,
    0.0,
    0.0,
    0.0,
    0.0,
    0.0,
    0.0,
    0.0,
    0.0,
    0.0,
    0.0,
    0.0,
    0.0,
    0.0,
    0.0,
    0.0,
    0.0,
    0.0,
    0.0,
    0.0,
    0.0
  ],
  "retention": {},
  "detection": {
    "accuracy": {
      "mean": 1.0,
      "std": 0.0,
      "min": 1.0,
      "max": 1.0,
      "median": 1.0,
      "count": 1
    },
    "precision": {
      "mean": 0.0,
      "std": 0.0,
      "min": 0.0,
      "max": 0.0,
      "median": 0.0,
      "count": 1
    },
    "recall": {
      "mean": 0.0,
      "std": 0.0,
      "min": 0.0,
      "max": 0.0,
      "median": 0.0,
      "count": 1
    },
    "f1": {
      "mean": 0.0,
      "std": 0.0,
      "min": 0.0,
      "max": 0.0,
      "median": 0.0,
      "count": 1
    }
  },
  "overall_current": [
    0.44047619047619047,
    0.2619047619047619,
    0.10714285714285714,
    0.40476190476190477,
    0.44047619047619047,
    0.2261904761904762,
    0.27380952380952384,
    0.10714285714285714,
    0.07142857142857142,
    0.10714285714285714,
    0.5595238095238095,
    0.20238095238095238,
    0.6309523809523809,
    0.23809523809523808,
    0.047619047619047616,
    0.2857142857142857,
    0.3333333333333333,
    0.2619047619047619,
    0.40476190476190477,
    0.07142857142857142,
    0.4880952380952381,
    0.40476190476190477,
    0.44047619047619047,
    0.4642857142857143,
    0.5238095238095238,
    0.09523809523809523,
    0.5119047619047619,
    0.2976190476190476,
    0.2261904761904762,
    0.5238095238095238,
    0.6190476190476191,
    0.5357142857142857,
    0.13095238095238096,
    0.07142857142857142,
    0.42857142857142855,
    0.05952380952380952,
    0.5,
    0.4880952380952381,
    0.25,
    0.35714285714285715,
    0.44047619047619047,
    0.13095238095238096,
    0.25,
    0.23809523809523808,
    0.2619047619047619,
    0.44047619047619047,
    0.40476190476190477,
    0.39285714285714285,
    0.4166666666666667,
    0.42857142857142855,
    0.07142857142857142,
    0.5238095238095238,
    0.10714285714285714,
    0.5476190476190477,
    0.5,
    0.047619047619047616,
    0.42857142857142855,
    0.17857142857142858,
    0.07142857142857142,
    0.5476190476190477
  ],
  "overall_old": [
    0.15476190476190477,
    0.30952380952380953,
    0.17857142857142858,
    0.3333333333333333,
    0.23809523809523808,
    0.20238095238095238,
    0.21428571428571427,
    0.2857142857142857,
    0.25,
    0.2619047619047619,
    0.19047619047619047,
    0.25,
    0.4166666666666667,
    0.16666666666666666,
    0.35714285714285715,
    0.35714285714285715,
    0.17857142857142858,
    0.2619047619047619,
    0.07142857142857142,
    0.19047619047619047,
    0.03571428571428571,
    0.23809523809523808,
    0.35714285714285715,
    0.19047619047619047,
    0.15476190476190477,
    0.15476190476190477,
    0.15476190476190477,
    0.20238095238095238,
    0.27380952380952384,
    0.13095238095238096,
    0.21428571428571427,
    0.2619047619047619,
    0.2976190476190476,
    0.17857142857142858,
    0.13095238095238096,
    0.20238095238095238,
    0.21428571428571427,
    0.15476190476190477,
    0.32142857142857145,
    0.15476190476190477,
    0.3333333333333333,
    0.35714285714285715,
    0.17857142857142858,
    0.19047619047619047,
    0.23809523809523808,
    0.20238095238095238,
    0.15476190476190477,
    0.15476190476190477,
    0.20238095238095238,
    0.14285714285714285,
    0.2976190476190476,
    0.25,
    0.15476190476190477,
    0.39285714285714285,
    0.10714285714285714,
    0.16666666666666666,
    0.2976190476190476,
    0.23809523809523808,
    0.16666666666666666,
    0.34523809523809523
  ],
  "stats": {
    "p_scores": {
      "mean": 0.3329365079365079,
      "std": 0.16198211632885123,
      "min": 0.07142857142857142,
      "max": 0.6309523809523809,
      "median": 0.38095238095238093,
      "count": 30
    },
    "g_scores": {
      "mean": 0.22341269841269842,
      "std": 0.07725822864724988,
      "min": 0.10714285714285714,
      "max": 0.39285714285714285,
      "median": 0.20238095238095238,
      "count": 30
    },
    "objective_aware": {
      "mean": 0.2455640873015873,
      "std": 0.1437402142858645,
      "min": 0.07142857142857142,
      "max": 0.6309523809523809,
      "median": 0.15962500000000002,
      "count": 60
    },
    "forgetting": {
      "mean": 0.0,
      "std": 0.0,
      "min": 0.0,
      "max": 0.0,
      "median": 0.0,
      "count": 30
    },
    "overall_current": {
      "mean": 0.32202380952380955,
      "std": 0.17305058635651463,
      "min": 0.047619047619047616,
      "max": 0.6309523809523809,
      "median": 0.34523809523809523,
      "count": 60
    },
    "overall_old": {
      "mean": 0.2244047619047619,
      "std": 0.08091513291098319,
      "min": 0.03571428571428571,
      "max": 0.4166666666666667,
      "median": 0.20238095238095238,
      "count": 60
    },
    "overall_global": {
      "mean": 0.15655,
      "std": 0.0026368477585357345,
      "min": 0.152,
      "max": 0.16075,
      "median": 0.15725,
      "count": 60
    },
    "across_time": {
      "local_all": {
        "mean": 0.4841765873015873,
        "std": 0.25945491529791337,
        "min": 0.3188492063492064,
        "max": 0.9750992063492063,
        "median": 0.3559523809523809,
        "count": 6
      },
      "global_all": {
        "mean": 0.1809777777777778,
        "std": 0.041448430112566347,
        "min": 0.14180833333333334,
        "max": 0.23950000000000002,
        "median": 0.16342083333333335,
        "count": 6
      },
      "objective_aware": {
        "mean": 0.32497509920634915,
        "std": 0.13844786360345998,
        "min": 0.2455640873015873,
        "max": 0.597329365079365,
        "median": 0.2567527777777778,
        "count": 6
      },
      "objective_aware_old": {
        "mean": 0.35000000000000003,
        "std": 0.12992175000248704,
        "min": 0.24265873015873016,
        "max": 0.5954365079365079,
        "median": 0.2975198412698413,
        "count": 6
      },
      "objective_aware_global": {
        "mean": 0.32497509920634915,
        "std": 0.13844786360345998,
        "min": 0.2455640873015873,
        "max": 0.597329365079365,
        "median": 0.2567527777777778,
        "count": 6
      }
    },