tensor([36.8469, 35.2701,  0.0000,  0.0000, 34.7462,  0.0000, 35.3187, 35.0093,
        35.0969,  0.0000,  0.0000,  0.0000,  0.0000, 35.9148, 36.6510,  0.0000,
        33.6782, 37.3713,  0.0000,  0.0000, 35.7917,  0.0000,  0.0000,  0.0000,
        34.8252,  0.0000,  0.0000, 35.5331, 35.7983,  0.0000, 34.9179, 36.2061,
        35.9316,  0.0000,  0.0000,  0.0000, 35.9813,  0.0000, 36.2680, 35.8498,
         0.0000, 35.8893, 37.3646,  0.0000, 35.5189,  0.0000, 35.8316,  0.0000,
        36.2762, 34.9502,  0.0000, 35.8601,  0.0000,  0.0000, 36.8226, 33.7111,
        33.8937,  0.0000,  0.0000,  0.0000])
tensor([55.2678, 57.2607,  0.0000,  0.0000, 34.7462,  0.0000, 56.9743, 55.8913,
        35.0969,  0.0000,  0.0000, 53.3856,  0.0000, 53.5410, 52.9839,  0.0000,
        33.6782, 37.3713, 53.6335,  0.0000, 35.7917, 52.6649, 52.6288,  0.0000,
        56.6295,  0.0000, 53.7956, 56.6542, 56.5163, 54.0474, 34.9179, 52.4795,
        35.9316, 57.2698, 56.2780, 55.2779, 35.9813,  0.0000, 36.2680, 53.9100,
         0.0000, 53.4619, 53.9945, 56.5635, 56.8553, 55.5502, 53.3745, 53.1814,
        55.4202, 34.9502, 57.1353, 35.8601,  0.0000,  0.0000, 36.8226, 33.7111,
        55.5266,  0.0000,  0.0000,  0.0000])
tensor([55.2678, 57.2607, 69.1341,  0.0000, 34.7462, 70.7445, 72.1762, 55.8913,
        35.0969,  0.0000, 85.1258, 86.3046, 82.2210, 53.5410, 52.9839, 70.0294,
        69.7933, 37.3713, 86.8753, 81.2971, 35.7917, 52.6649, 52.6288, 80.8763,
        56.6295, 67.1926, 85.4614, 70.9191, 70.2458, 54.0474, 70.8310, 81.4688,
        82.0461, 57.2698, 56.2780, 69.5451, 35.9813, 80.5717, 69.4697, 53.9100,
         0.0000, 53.4619, 86.6317, 56.5635, 56.8553, 69.5428, 85.4676, 85.5375,
        55.4202, 69.2567, 57.1353, 35.8601,  0.0000, 80.5228, 36.8226, 69.6009,
        55.5266, 83.0761,  0.0000, 67.3151])
tensor([ 80.2206,  98.1389,  99.6714,   0.0000,  34.7462,  70.7445,  72.1762,
         55.8913,  35.0969,   0.0000,  78.4368,  86.3046,  76.3424,  53.5410,
         78.1071,  70.0294,  69.7933,  37.3713,  86.8753,  77.7063,  35.7917,
         52.6649,  74.1173,  76.3210,  56.6295,  95.5867,  85.4614,  70.9191,
         70.2458,  78.7194,  98.0098,  77.8682,  76.0248, 100.1720,  98.4197,
         98.3880,  35.9813,  77.2528,  69.4697,  76.3713,   0.0000,  78.2776,
         78.7923,  56.5635,  99.8470, 100.1008,  78.5933,  85.5375,  80.2330,
         69.2567,  99.5566,  35.8601,   0.0000,  77.4129,  36.8226,  99.6796,
         98.5631,  83.0761,  98.7198,  67.3151])
tensor([144.0859,  98.1389,  99.6714,  65.8311,  34.7462,  70.7445,  72.1762,
         55.8913,  66.1020,   0.0000,  78.4368,  86.3046, 138.9708, 136.3081,
        137.2487,  70.0294,  69.7933, 136.9265,  86.8753,  77.7063,  35.7917,
        130.0842, 133.4012, 129.7460,  66.2944,  95.5867, 137.0990,  66.2823,
         70.2458,  78.7194,  67.2094, 136.3776, 139.9119,  67.6307,  98.4197,
         65.9155,  64.3156, 137.9071,  67.9252,  76.3713, 132.4534,  78.2776,
        143.7738,  56.5635,  99.8470, 100.1008, 139.9774, 138.6144,  80.2330,
         69.2567,  67.8398, 134.6978,  65.3892,  77.4129, 138.9253,  99.6796,
         98.5631, 134.2225,  98.7198,  67.3151])
tensor([125.4433,  95.0107,  95.0079,  65.8311,  89.4668,  93.1144,  72.1762,
         90.1122,  95.4333,   0.0000, 121.1514, 115.6412, 138.9708, 136.3081,
        122.2229,  94.1099,  94.3704, 119.9258, 116.3497,  77.7063,  35.7917,
        130.0842, 118.4147, 129.7460,  66.2944,  95.5867, 137.0990,  66.2823,
         94.9179,  78.7194,  67.2094, 136.3776, 122.2657,  67.6307,  98.4197,
         97.9521,  64.3156, 121.3152,  96.8607,  76.3713, 118.4905,  78.2776,
        143.7738,  92.4148,  99.8470,  96.0159, 139.9774, 138.6144,  80.2330,
         69.2567, 100.5857, 117.7823,  65.3892, 121.1826, 120.3342,  94.4910,
         98.5631, 119.6768,  92.3937,  67.3151])
tensor([125.4433, 155.7247,  95.0079,  65.8311, 149.8119,  93.1144, 149.5135,
        149.4041,  95.4333,   0.0000,  81.6514, 115.6412,  80.5613,  76.6896,
         81.9469,  94.1099, 153.6882,  80.2976,  78.8158,  78.5038,  75.3940,
         80.9062, 118.4147, 129.7460, 148.1011, 141.8723,  79.1141, 152.9474,
         94.9179,  79.4788, 148.1624,  78.1063,  80.1421, 158.8132, 148.2739,
         97.9521,  64.3156, 121.3152,  96.8607,  76.3713,  81.1320,  75.4407,
         79.2587,  92.4148, 150.6784, 155.2562,  76.5841, 138.6144,  80.2330,
         69.2567, 100.5857, 117.7823,  65.3892, 121.1826, 120.3342,  94.4910,
         98.5631, 119.6768,  92.3937,  67.3151])
tensor([125.4433,  58.6620,  55.3602,  56.0433,  55.9328,  93.1144, 149.5135,
        149.4041,  58.6893,   0.0000, 193.3861, 115.6412,  80.5613, 188.0999,
        189.5740,  94.1099, 153.6882,  80.2976,  78.8158, 183.6212, 179.4990,
         80.9062, 118.4147, 129.7460, 148.1011,  54.0629,  79.1141,  58.8215,
         58.0394,  79.4788, 148.1624,  78.1063, 194.8919,  57.6954,  56.7155,
         97.9521,  56.6230, 185.8475,  60.7770,  76.3713, 188.3910, 187.7016,
         79.2587,  53.3148,  59.1687,  59.6907, 188.2349, 189.2436,  80.2330,
         54.8102,  58.1137, 117.7823,  54.5283, 121.1826, 120.3342,  94.4910,
         54.6907, 119.6768,  92.3937,  67.3151])
tensor([ 53.1979,  58.6620, 200.5127,  56.0433, 206.2041,  93.1144, 194.4743,
        149.4041, 207.9760,   0.0000,  57.1940, 115.6412,  56.6079,  50.2847,
        189.5740,  94.1099, 193.8862,  80.2976,  78.8158,  56.8048, 179.4990,
         80.9062,  54.3778, 129.7460, 191.8535,  54.0629,  55.4827, 204.3316,
         58.0394,  54.2180, 191.9854,  55.6550,  56.3110,  57.6954,  56.7155,
        197.5057, 198.1676,  55.5760, 209.1288,  51.2699, 188.3910, 187.7016,
         79.2587,  53.3148,  59.1687, 208.4385,  53.3558,  55.1369,  51.6256,
         54.8102,  58.1137, 117.7823,  54.5283,  55.3002, 120.3342, 192.5667,
         54.6907, 119.6768, 197.7908,  67.3151])
tensor([ 53.1979, 137.9930, 129.2099,  56.0433, 138.3700,  93.1144, 120.6990,
        149.4041, 138.5277,   0.0000, 181.7568, 115.6412, 183.3863, 171.7003,
        189.5740, 110.7759, 193.8862, 147.8637, 147.3974,  56.8048, 145.2552,
        140.8215, 170.8374, 129.7460, 122.5593, 115.3675,  55.4827, 141.7866,
         58.0394,  54.2180, 191.9854, 170.9044, 186.3628,  57.6954, 123.7856,
        119.7702, 130.6073, 179.6279, 209.1288, 161.7576, 188.3910, 187.7016,
        151.8752,  53.3148,  59.1687, 208.4385,  53.3558,  55.1369,  51.6256,
         54.8102,  58.1137, 117.7823,  54.5283, 177.4278, 151.1055, 123.7345,
         54.6907, 148.2536, 110.2361,  67.3151])
tensor([ 53.1979, 137.9930, 161.5042,  56.0433, 172.0768,  93.1144, 154.3103,
        122.5373, 173.4706, 155.2192, 209.0561, 115.6412, 183.3863, 197.7585,
        189.5740, 150.8598, 127.7607, 187.9717, 175.5443,  56.8048, 183.7236,
        168.4197, 170.8374, 149.8565, 155.9924, 115.3675, 178.1788, 141.7866,
         58.0394,  54.2180, 191.9854, 193.4937, 215.0087,  57.6954, 155.9367,
        154.4636, 130.6073, 209.3962, 144.4190, 161.7576, 188.3910, 187.7016,
        151.8752,  53.3148,  59.1687, 208.4385,  53.3558, 185.0990, 179.0313,
         54.8102,  58.1137, 153.7619, 122.7124, 177.4278, 151.1055, 123.7345,
        127.8489, 148.2536, 145.2906,  98.7863])
tensor([176.0562, 137.9930, 200.6715,  56.0433, 216.6082, 120.0693, 195.7997,
        184.9212, 210.6288, 155.2192, 209.0561, 115.6412, 183.3863, 197.7585,
        158.8519, 150.8598, 127.7607, 196.7069, 183.4520,  56.8048, 183.7236,
        181.2285, 170.8374, 168.6729, 196.6359, 115.3675, 191.1231, 141.7866,
         58.0394, 181.6427, 191.9854, 193.4937, 216.6451,  57.6954, 196.6058,
        202.6211, 175.6257, 211.2096, 144.4190, 188.6355, 188.3910, 149.2354,
        151.8752,  53.3148, 153.6361, 208.4385, 176.0416, 194.7802, 190.9187,
         54.8102, 144.9467, 180.3363, 122.7124, 177.4278, 185.2139, 123.7345,
        127.8489, 180.3630, 145.2906,  98.7863])
tensor([232.5462, 180.7606, 206.5676,  56.0433, 216.6082, 120.0693, 204.8046,
        206.0799, 210.6288, 155.2192, 242.5937, 115.6412, 238.5585, 239.6155,
        158.8519, 188.5795, 164.6436, 196.7069, 223.2837,  56.8048, 224.0488,
        181.2285, 170.8374, 168.6729, 202.2376, 115.3675, 230.9652, 184.7455,
        136.2070, 181.6427, 124.7688, 193.4937, 216.6451,  57.6954, 208.6036,
        211.1383, 187.0121, 246.9761, 144.4190, 188.6355, 188.3910, 149.2354,
        151.8752, 122.6903, 177.8194, 208.4385, 176.0416, 194.7802, 241.4061,
         54.8102, 162.8561, 231.8170, 122.7124, 177.4278, 185.2139, 159.9547,
        172.8544, 236.1169, 179.5267,  98.7863])
tensor([232.5462, 180.7606, 242.2188,  56.0433, 255.8775, 120.0693, 204.8046,
        253.4884, 210.6288, 155.2192, 242.5937, 152.4620, 220.5950, 226.1452,
        158.8519, 243.2826, 229.5266, 196.7069, 206.3939, 177.3597, 208.0497,
        181.2285, 188.5061, 188.8314, 202.2376, 175.2430, 230.9652, 184.7455,
        218.7866, 201.7580, 214.0183, 193.4937, 216.6451,  57.6954, 251.1156,
        211.1383, 187.0121, 246.9761, 207.2431, 209.5443, 188.3910, 187.0670,
        151.8752, 214.7888, 240.2277, 208.4385, 201.5414, 194.7802, 241.4061,
         54.8102, 220.0583, 231.8170, 200.1381, 208.9778, 185.2139, 226.5969,
        229.2346, 236.1169, 179.5267, 159.8808])
tensor([232.5462, 235.6679, 249.5496,  56.0433, 255.8775, 176.6317, 240.2587,
        253.4884, 210.6288, 155.2192, 242.5937, 208.8787, 220.5950, 226.1452,
        204.4137, 254.5562, 229.5266, 229.6251, 206.3939, 208.8462, 237.2371,
        211.2777, 188.5061, 188.8314, 247.4606, 202.1625, 230.9652, 184.7455,
        235.4483, 201.7580, 214.0183, 193.4937, 216.6451,  57.6954, 263.0210,
        252.4001, 241.3894, 239.9427, 207.2431, 209.5443, 172.5136, 226.7531,
        151.8752, 214.7888, 240.2277, 167.0922, 233.0125, 223.1474, 235.7764,
        159.8187, 230.1183, 231.8170, 224.9912, 235.3704, 218.1502, 226.5969,
        229.2346, 224.4803, 179.5267, 159.8808])
tensor([250.4833, 245.2771, 249.5496,  56.0433, 265.3100, 176.6317, 246.8199,
        253.4884, 210.6288, 208.5099, 242.5937, 240.7873, 220.5950, 226.1452,
        204.4137, 254.5562, 229.5266, 260.9019, 248.7801, 235.5115, 259.3767,
        211.2777, 235.3404, 188.8314, 247.4606, 202.1625, 230.9652, 184.7455,
        235.4483, 201.7580, 230.2548, 230.5893, 255.7307,  57.6954, 263.0210,
        262.5179, 241.3894, 266.0761, 207.2431, 256.8073, 225.9189, 259.5083,
        212.8630, 226.3546, 255.2977, 205.7063, 262.3840, 223.1474, 260.4453,
        159.8187, 238.8496, 231.8170, 245.2429, 235.3704, 249.3544, 236.5042,
        243.7374, 224.4803, 179.5267, 159.8808])
tensor([277.8135, 245.2771, 258.8751, 133.8181, 275.8326, 176.6317, 246.8199,
        253.4884, 210.6288, 248.8313, 268.7024, 267.5870, 269.8395, 268.5748,
        204.4137, 259.4992, 240.3779, 260.9019, 248.7801, 263.9034, 281.3254,
        211.2777, 235.3404, 188.8314, 247.4606, 202.1625, 230.9652, 242.4343,
        249.8528, 259.9873, 230.2548, 230.5893, 255.7307,  57.6954, 271.9453,
        276.0220, 253.1001, 266.0761, 226.6946, 279.8381, 225.9189, 259.5083,
        212.8630, 245.0165, 269.4659, 205.7063, 283.4282, 265.2526, 260.4453,
        205.3404, 248.9429, 231.8170, 245.2429, 235.3704, 249.3544, 236.5042,
        255.8281, 272.3504, 238.4356, 159.8808])
tensor([281.1826, 257.6544, 258.8751, 230.0629, 275.8326, 219.1244, 246.8199,
        253.4884, 244.7472, 248.8313, 272.9516, 270.5894, 269.8395, 268.5748,
        263.0480, 259.4992, 261.7107, 280.4290, 248.7801, 263.9034, 281.3254,
        245.9264, 259.1371, 188.8314, 247.4606, 215.6025, 261.1227, 242.4343,
        249.8528, 259.9873, 230.2548, 263.8816, 255.7307,  57.6954, 289.1409,
        276.0220, 276.8731, 277.0432, 254.8970, 279.8381, 225.9189, 283.1403,
        258.7481, 245.0165, 288.6300, 241.7791, 283.4282, 270.2568, 260.4453,
        205.3404, 261.0767, 231.8170, 245.2429, 274.0182, 272.1911, 257.6900,
        269.5435, 272.3504, 238.4356, 183.0542])
tensor([281.1826, 257.6544, 258.8751, 256.4649, 280.7301, 219.1244, 246.8199,
        253.4884, 244.7472, 263.5019, 283.5589, 270.5894, 269.8395, 273.2781,
        278.2812, 273.4601, 261.7107, 284.9561, 248.7801, 270.8223, 285.5209,
        254.2776, 259.1371, 246.6431, 247.4606, 215.6025, 267.4262, 242.4343,
        279.6818, 259.9873, 245.1451, 270.0654, 275.6973, 147.5208, 289.1409,
        282.1161, 283.7544, 277.0432, 254.8970, 284.8383, 261.9426, 287.1369,
        258.7481, 267.3556, 288.6300, 264.9460, 288.4673, 270.2568, 260.4453,
        205.3404, 261.0767, 264.2773, 245.2429, 274.0182, 283.3362, 257.6900,
        269.5435, 279.3506, 266.6194, 183.0542])
tensor([281.1826, 257.6544, 258.8751, 271.8897, 280.7301, 262.9402, 246.8199,
        273.2166, 244.7472, 282.4572, 297.8334, 276.4571, 269.8395, 289.9836,
        278.2812, 273.4601, 276.0299, 300.3163, 248.7801, 285.4960, 285.5209,
        254.2776, 274.6435, 267.6149, 260.1765, 243.5050, 267.4262, 273.0347,
        279.6818, 274.6323, 245.1451, 284.9597, 285.1245, 147.5208, 289.1409,
        290.6591, 297.0359, 277.0432, 275.3240, 284.8383, 261.9426, 287.1369,
        258.7481, 283.1906, 295.9454, 264.9460, 288.4673, 291.0289, 260.4453,
        257.7007, 261.0767, 264.2773, 273.3015, 287.5106, 297.3249, 257.6900,
        269.5435, 295.6678, 266.6194, 230.5573])
tensor([281.1826, 257.6544, 278.1628, 271.8897, 280.7301, 282.5678, 274.1551,
        285.9003, 267.1443, 282.4572, 305.6619, 276.4571, 269.8395, 294.0638,
        278.2812, 287.6313, 281.3591, 309.0267, 248.7801, 285.4960, 297.1908,
        254.2776, 274.6435, 267.6149, 269.3215, 262.7528, 267.4262, 284.9196,
        297.9585, 274.6323, 245.1451, 294.9148, 290.9344, 232.6749, 289.1409,
        290.6591, 297.0359, 277.0432, 275.3240, 296.8738, 280.8648, 287.1369,
        278.8275, 288.5648, 299.3993, 264.9460, 297.8420, 295.1729, 290.8301,
        276.4540, 261.0767, 288.0504, 273.3015, 287.5106, 297.3249, 257.6900,
        286.7035, 295.6678, 266.6194, 257.4407])
tensor([293.3569, 276.8934, 278.1628, 271.8897, 280.7301, 282.5678, 274.1551,
        294.5045, 267.1443, 287.5938, 305.6619, 281.4293, 292.5455, 304.6649,
        278.2812, 299.0429, 286.6684, 312.4316, 282.3758, 298.6154, 297.1908,
        254.2776, 274.6435, 267.6149, 277.0012, 262.7528, 288.3677, 284.9196,
        302.2235, 274.6323, 245.1451, 294.9148, 290.9344, 264.0212, 302.0499,
        297.0340, 297.0359, 292.2327, 281.1691, 296.8738, 288.0733, 287.1369,
        287.1667, 294.3265, 299.3993, 264.9460, 297.8420, 301.2704, 290.8301,
        289.7069, 272.9272, 288.0504, 291.0868, 291.1049, 308.2811, 257.6900,
        286.7035, 295.6678, 266.6194, 273.4342])
tensor([299.0938, 287.0034, 278.1628, 271.8897, 300.9672, 282.5678, 282.4180,
        300.3567, 285.5213, 287.5938, 311.7025, 281.4293, 292.5455, 308.5789,
        278.2812, 299.0429, 291.7065, 312.4316, 294.9592, 298.6154, 297.1908,
        254.2776, 291.6977, 272.4444, 283.5900, 262.7528, 300.2787, 284.9196,
        306.2604, 274.6323, 245.1451, 301.9205, 300.6925, 264.0212, 307.6950,
        306.5508, 302.9940, 292.2327, 281.1691, 296.8738, 288.0733, 287.1369,
        295.3840, 298.7657, 299.3993, 282.9435, 301.8163, 305.3242, 302.2499,
        289.7069, 287.1643, 303.8455, 291.0868, 302.7755, 308.2811, 257.6900,
        286.7035, 310.2791, 266.6194, 273.4342])
tensor([309.8869, 287.0034, 278.1628, 271.8897, 300.9672, 282.5678, 282.4180,
        310.3740, 285.5213, 287.5938, 311.7025, 281.4293, 301.5302, 316.0218,
        278.2812, 299.0429, 291.7065, 318.0709, 294.9592, 306.1428, 303.5420,
        281.4958, 296.9865, 272.4444, 288.6775, 277.2728, 300.2787, 294.7679,
        316.0934, 299.0692, 245.1451, 306.2857, 304.8492, 284.2815, 310.2547,
        306.5508, 313.7946, 307.7984, 281.1691, 296.8738, 288.0733, 287.1369,
        295.3840, 301.3889, 299.3993, 290.7468, 301.8163, 305.3242, 312.6252,
        291.7609, 290.2840, 312.0930, 291.0868, 307.4005, 313.3268, 257.6900,
        290.9601, 310.2791, 293.6498, 273.4342])
tensor([317.3358, 297.7333, 278.1628, 271.8897, 315.9771, 282.5678, 282.4180,
        310.3740, 285.5213, 287.5938, 316.8542, 281.4293, 312.3425, 316.0218,
        278.2812, 304.2772, 291.7065, 318.0709, 297.0008, 314.4680, 303.5420,
        288.0254, 296.9865, 285.1760, 296.8995, 287.3150, 302.7625, 302.6664,
        325.9626, 303.9907, 245.1451, 314.5190, 304.8492, 301.5071, 310.2547,
        306.5508, 313.7946, 316.5453, 296.7984, 308.7925, 288.0733, 287.1369,
        304.2070, 301.3889, 313.5356, 300.1100, 305.9466, 306.4078, 312.6252,
        291.7609, 290.2840, 318.2248, 291.0868, 315.8860, 313.3268, 285.0237,
        300.8580, 310.2791, 293.6498, 273.4342])
tensor([318.9001, 297.7333, 294.0269, 271.8897, 317.9497, 282.5678, 285.8281,
        310.3740, 285.5213, 304.0330, 319.0688, 299.1223, 312.3425, 316.0218,
        278.2812, 304.2772, 299.6772, 318.5334, 297.0008, 319.9230, 303.5420,
        288.0254, 299.1238, 296.5823, 296.8995, 294.4135, 305.8882, 302.6664,
        325.9626, 312.1154, 245.1451, 319.6741, 315.9485, 301.5071, 318.3279,
        306.5508, 313.7946, 316.5453, 308.7654, 311.8549, 299.5723, 287.1369,
        304.2070, 309.2035, 313.5356, 310.8622, 305.9466, 306.4078, 312.6252,
        298.2804, 306.0049, 319.3315, 291.0868, 321.9467, 313.3268, 285.0237,
        305.5442, 310.2791, 306.0017, 287.4236])
tensor([318.9001, 298.2487, 294.0269, 271.8897, 320.4722, 302.8959, 285.8281,
        310.3740, 285.5213, 304.0330, 321.6461, 299.1223, 312.3425, 323.8811,
        278.2812, 309.3477, 302.1091, 321.8829, 297.0008, 325.7070, 303.5420,
        302.3710, 309.7060, 300.4127, 296.8995, 303.3625, 305.8882, 307.1429,
        321.9921, 315.9007, 245.1451, 319.6741, 319.3394, 305.9636, 319.2310,
        306.5508, 313.7946, 323.7447, 316.5645, 311.8549, 310.4656, 287.1369,
        315.5990, 316.1551, 318.1493, 318.0271, 305.9466, 308.8073, 312.6252,
        298.2804, 306.0049, 322.1091, 291.0868, 321.9467, 313.3268, 296.8672,
        305.5442, 316.3724, 306.0017, 287.4236])
tensor([318.9001, 305.5736, 294.0269, 283.7512, 320.4722, 302.8959, 285.8281,
        310.3740, 285.5213, 304.0330, 325.4700, 302.8330, 312.3425, 323.8811,
        309.6724, 321.0310, 312.5452, 330.3202, 297.0008, 327.1943, 314.3879,
        312.6499, 319.5857, 300.4127, 296.8995, 308.8509, 305.8882, 318.9482,
        321.9921, 323.7304, 280.7586, 319.6741, 319.3394, 305.9636, 319.2310,
        300.9396, 313.7946, 323.7447, 316.5645, 315.3170, 320.4120, 306.2258,
        315.5990, 319.3262, 318.1493, 327.0473, 307.1510, 314.4548, 322.6596,
        298.2804, 306.0049, 328.7451, 297.4119, 326.0962, 313.3268, 296.8672,
        305.5442, 316.3724, 316.6428, 302.6560])
tensor([318.9001, 305.5736, 301.9747, 283.7512, 319.3784, 302.8959, 285.8281,
        316.4255, 305.6624, 309.6400, 326.0666, 302.8330, 316.2015, 330.6055,
        309.6724, 328.6603, 314.9086, 330.7138, 297.0008, 328.1659, 314.3879,
        312.6499, 319.5857, 310.5001, 296.8995, 316.6422, 305.8882, 318.9482,
        320.5836, 324.3529, 280.7586, 319.6741, 319.3394, 307.5177, 319.2310,
        300.9396, 316.7601, 326.8133, 326.2266, 315.3170, 324.3843, 306.2258,
        315.5990, 319.3262, 318.1493, 327.0473, 316.1423, 314.4548, 324.2969,
        304.0601, 306.4060, 329.5779, 310.4018, 326.5177, 313.3268, 296.8672,
        305.5442, 324.7639, 326.0703, 302.6560])
tensor([318.9001, 314.2938, 315.7590, 293.2902, 319.3784, 302.8959, 294.0541,
        327.3868, 305.6624, 309.6400, 326.0666, 304.1303, 320.8615, 336.2936,
        315.7515, 328.6603, 314.9086, 336.7911, 297.0008, 328.1659, 319.3992,
        316.3482, 319.5857, 310.5001, 296.8995, 321.6514, 305.8882, 318.9482,
        331.5363, 324.3529, 280.7586, 327.6660, 319.3394, 319.9665, 319.2310,
        316.1653, 316.7601, 326.8133, 329.3482, 320.0553, 324.3843, 319.3655,
        315.5990, 327.1589, 320.5209, 327.0473, 316.1423, 314.4548, 328.1317,
        304.0601, 306.4060, 329.5779, 315.5269, 332.4912, 326.7305, 315.2428,
        305.5442, 331.3174, 328.2818, 316.5342])
tensor([326.8108, 314.2938, 317.5481, 293.2902, 319.3784, 306.1863, 294.0541,
        329.9752, 305.6624, 309.6400, 331.2711, 304.1303, 323.5544, 336.7602,
        320.2192, 326.6451, 320.7096, 336.7911, 310.0994, 328.1659, 327.1356,
        318.7985, 319.5857, 310.5001, 297.0664, 329.2117, 305.8882, 318.9482,
        335.5938, 324.9733, 292.9695, 330.4681, 319.3394, 319.9665, 319.2310,
        325.4531, 316.7601, 333.4430, 330.7391, 320.0553, 323.8090, 319.3655,
        315.5990, 327.1589, 320.5209, 330.3830, 316.1423, 314.4548, 330.4820,
        318.3722, 321.0281, 334.9690, 325.5451, 332.4912, 329.3836, 315.2428,
        305.5442, 331.3174, 328.2818, 316.5342])
tensor([332.2632, 316.8875, 327.2495, 304.4810, 319.3784, 312.3464, 294.0541,
        331.9218, 313.7904, 311.7390, 331.2711, 304.1303, 323.5544, 340.2574,
        320.2192, 326.6451, 323.8802, 339.0191, 310.0994, 332.2854, 327.1356,
        318.7985, 319.5857, 310.5001, 309.7434, 329.2117, 305.8882, 318.9482,
        335.5938, 327.8454, 292.9695, 330.4681, 319.3394, 326.2976, 320.7925,
        325.4531, 332.5718, 333.4430, 337.9988, 320.0553, 323.8090, 320.0723,
        326.0477, 329.8188, 320.5209, 330.3830, 316.1423, 325.5652, 335.6163,
        318.3722, 325.7571, 338.1533, 332.2865, 332.4912, 329.3836, 319.8065,
        312.4305, 333.7829, 330.5146, 316.5342])
tensor([332.2632, 325.4047, 327.2495, 309.6270, 319.3784, 324.2151, 294.0541,
        331.9218, 323.5714, 311.7390, 331.2711, 311.2990, 325.9042, 340.2574,
        320.2192, 327.8820, 331.6238, 343.7935, 310.0994, 332.2854, 327.1356,
        319.9275, 323.1878, 310.5001, 314.1619, 329.2117, 305.8882, 323.9113,
        337.5824, 327.8454, 292.9695, 333.8515, 319.3394, 332.6749, 320.7925,
        331.5276, 332.5718, 334.5564, 338.7828, 320.0553, 325.5732, 325.8477,
        333.4201, 335.9057, 325.1917, 337.0648, 316.1423, 329.9385, 335.6163,
        328.0936, 325.7571, 338.1533, 332.4680, 332.4912, 329.3836, 328.5112,
        312.4305, 333.7829, 336.1976, 316.5342])
tensor([332.2632, 325.4047, 327.0543, 310.0303, 325.2366, 323.1932, 306.3329,
        331.9218, 323.5714, 317.6454, 335.0881, 316.5150, 330.1281, 343.8714,
        320.2192, 327.8820, 333.5515, 345.3536, 310.0994, 332.2854, 327.1356,
        319.9275, 323.1878, 319.9577, 314.1619, 329.2117, 317.5143, 328.9040,
        337.5824, 327.8454, 307.9331, 333.8515, 329.3806, 332.6749, 323.2509,
        335.0735, 332.5718, 334.5564, 338.7828, 328.1076, 325.5732, 330.5259,
        336.0698, 337.7858, 325.1917, 339.2967, 329.8842, 332.9859, 335.6163,
        328.0936, 325.7571, 338.1533, 335.5349, 332.4912, 333.8113, 328.5112,
        322.9341, 333.7829, 337.7721, 316.5342])
tensor([332.2632, 327.6570, 333.0003, 324.2987, 325.2366, 334.1656, 306.3329,
        331.7189, 326.8717, 317.6454, 335.0881, 316.5150, 330.1281, 343.8714,
        320.2192, 327.8820, 338.5226, 345.6515, 310.0994, 334.2552, 329.9409,
        319.9275, 323.1878, 319.9577, 318.5952, 318.9724, 317.5143, 334.4678,
        335.9633, 327.8454, 307.9331, 333.8515, 329.3806, 328.4342, 329.9715,
        335.0735, 331.6764, 334.5564, 344.1073, 328.1076, 325.5732, 330.5259,
        337.3542, 345.5124, 329.7127, 344.0233, 329.8842, 334.8088, 338.4442,
        328.0936, 325.7571, 338.1533, 335.5349, 333.8993, 338.3280, 335.3234,
        333.4209, 333.7829, 346.1251, 315.2186])
tensor([332.2632, 333.1688, 333.0003, 324.2987, 325.2366, 334.1656, 320.6415,
        331.7189, 332.8242, 317.6454, 342.0870, 316.5150, 334.5564, 344.4185,
        320.2192, 332.6416, 338.5226, 345.6515, 319.5149, 337.4879, 329.9409,
        324.7728, 323.1878, 322.0880, 318.5952, 324.7467, 317.5143, 330.5482,
        340.1584, 327.8454, 315.3169, 333.8515, 334.5423, 327.9945, 333.9708,
        335.5183, 331.6764, 337.9874, 344.1073, 328.1076, 330.5610, 335.9900,
        337.3542, 344.2612, 329.7127, 344.0233, 335.2457, 334.8088, 341.4921,
        328.0936, 326.1279, 338.1533, 335.0396, 337.5261, 338.3280, 337.2794,
        333.4209, 341.4989, 346.1251, 315.2186])
tensor([338.8781, 333.1688, 329.3662, 324.2987, 332.4368, 334.1656, 326.4243,
        331.4778, 340.6374, 323.2166, 342.0870, 316.5150, 334.5564, 344.4185,
        330.7579, 332.6416, 338.5226, 347.3077, 319.5149, 338.8187, 331.9315,
        324.7728, 330.1278, 322.0880, 318.5952, 324.7467, 323.2644, 330.5482,
        340.1584, 327.8454, 315.3169, 333.8515, 339.5818, 338.2557, 339.0016,
        335.5183, 340.0345, 341.3324, 344.1073, 328.1076, 332.6758, 339.9572,
        337.3542, 344.2612, 338.1545, 344.0233, 335.2457, 335.3581, 342.3356,
        328.5530, 336.5829, 338.1533, 342.8937, 337.5261, 338.3280, 339.9092,
        334.3079, 341.4989, 347.1151, 325.7650])
tensor([338.8781, 342.2333, 329.3662, 330.6684, 341.8017, 337.0152, 326.4243,
        331.4778, 342.9016, 323.2166, 340.0965, 316.5150, 334.5564, 344.4185,
        330.7579, 341.7627, 343.3705, 348.0681, 319.5149, 340.0134, 331.9315,
        327.9851, 330.1278, 325.3748, 320.0244, 335.0863, 323.2644, 330.5482,
        340.1584, 335.2983, 318.4572, 337.5008, 341.5769, 344.1130, 345.1907,
        335.5183, 342.8585, 342.4537, 344.1073, 328.1076, 337.1161, 341.0723,
        337.3542, 344.2612, 338.1545, 341.6101, 335.2457, 340.0346, 342.3356,
        328.5530, 342.9099, 338.1533, 345.6546, 337.5261, 338.3280, 339.9092,
        338.2461, 342.3371, 347.1151, 325.7650])
tensor([338.8781, 349.5773, 329.3662, 335.1334, 345.0509, 344.8502, 333.0117,
        343.4661, 349.6584, 323.2166, 340.0965, 318.1811, 334.5564, 342.3637,
        337.2130, 341.7627, 348.9809, 351.5408, 319.4676, 340.0134, 331.9315,
        327.9851, 330.1278, 325.3748, 320.0244, 335.0863, 329.1428, 342.8622,
        340.1584, 335.2983, 318.4572, 337.5008, 342.9255, 348.6961, 347.7229,
        335.5183, 348.1273, 342.4537, 344.1073, 333.2025, 338.9640, 341.0723,
        337.9169, 347.0550, 338.1545, 341.6101, 341.3793, 341.9175, 342.3356,
        336.9086, 342.9099, 338.1533, 345.6546, 342.6554, 338.3280, 339.9092,
        345.3209, 342.3371, 348.5294, 334.8611])
tensor([339.4220, 349.5773, 329.3662, 335.1334, 351.0702, 344.8502, 333.0117,
        343.4661, 349.6584, 323.2166, 340.0965, 318.1811, 342.0627, 342.3637,
        342.0798, 347.0132, 350.5782, 351.5408, 328.1118, 340.0134, 331.9315,
        327.9851, 330.1278, 330.3140, 328.5763, 335.0863, 331.7448, 345.9747,
        352.3395, 335.2983, 327.5223, 340.5585, 344.1826, 348.6961, 349.4595,
        335.5183, 348.1273, 345.0857, 343.3257, 333.2025, 340.5247, 341.0723,
        339.9192, 353.2328, 338.1545, 343.9016, 341.3793, 341.9175, 342.3356,
        340.5288, 342.9099, 340.5563, 345.6546, 342.6554, 339.5497, 347.9689,
        350.7444, 346.5426, 354.4886, 339.6809])
tensor([341.6750, 349.5773, 342.2110, 335.1334, 351.0702, 344.8502, 333.0117,
        348.9656, 349.6584, 323.2166, 340.0965, 318.1811, 345.9612, 342.3637,
        342.0798, 347.0132, 350.5782, 351.5408, 330.3759, 344.1574, 334.9958,
        327.9851, 338.4179, 330.3140, 328.5763, 335.0863, 334.8054, 349.6095,
        352.3395, 341.4108, 327.5223, 340.5585, 347.5770, 346.4305, 349.9572,
        341.2880, 351.4493, 346.2148, 343.3257, 334.9808, 342.0348, 342.2495,
        342.0009, 353.2328, 347.0969, 343.9016, 341.6151, 347.2678, 342.3356,
        342.6694, 344.8947, 340.5563, 345.6546, 342.6554, 339.5497, 352.6430,
        350.0003, 347.4577, 354.4886, 340.3727])
tensor([ 12.3048,  10.9178, 342.2110, 335.1334,  11.9167, 344.8502,   6.9623,
        140.8888,   7.5720, 323.2166, 340.0965, 318.1811, 345.9612,  13.7265,
         37.1070, 347.0132, 142.1673,  11.8903, 330.3759, 344.1574,  34.8316,
        327.9851, 338.4179, 330.3140, 143.9914, 335.0863, 334.8054,  12.1366,
        139.6248, 341.4108,   7.2085,  35.3376, 120.8574, 346.4305, 349.9572,
        341.2880,   6.2068, 346.2148, 141.7991, 130.9239, 342.0348,  33.7252,
         36.5883, 353.2328, 137.5044, 343.9016,  14.9828, 347.2678, 128.2766,
         12.1659, 344.8947, 126.1093, 345.6546, 342.6554,  13.6642, 145.5321,
        142.4201, 347.4577, 354.4886, 340.3727])
tensor([ 51.0169,  88.4582, 342.2110, 335.1334,  11.9167, 344.8502,  39.3714,
        125.3460,   7.5720, 323.2166, 340.0965, 101.6859, 345.9612,  23.2754,
         37.8488, 347.0132, 142.1673,  11.8903,  45.9502, 344.1574,  34.8316,
         87.2305,  21.5568, 330.3140, 119.5596, 335.0863,  97.4255,  87.1478,
        113.5931,  44.1906,   7.2085,  48.1917, 120.8574, 144.0706,   7.9234,
        137.5925,   6.2068, 346.2148, 141.7991,  93.0360, 342.0348,  47.2736,
         46.4163,   9.8128, 107.8009,  11.2891,  35.3313,  48.9816,  96.5915,
         12.1659,  11.1931, 126.1093, 345.6546, 342.6554,  13.6642, 145.5321,
        120.6439, 347.4577, 354.4886, 340.3727])
tensor([ 51.0169,  88.4582, 131.5952, 335.1334,  11.9167,   9.1623,  47.7079,
        125.3460,   7.5720, 323.2166,  71.2731,  75.6798,  82.6926,  23.2754,
         37.8488,  10.1241, 120.4583,  11.8903,  45.7257,  71.1583,  34.8316,
         87.2305,  21.5568,  71.1671, 119.5596,   8.5959,  79.3999,  78.1192,
        102.8916,  44.1906,  42.7660,  46.2418,  72.2211, 144.0706,   7.9234,
         85.0433,   6.2068,  23.4497, 115.9054,  93.0360, 342.0348,  47.2736,
         43.5299,   9.8128, 107.8009,  59.1826, 106.0623,  53.6259,  96.5915,
         71.9837,  11.1931, 126.1093, 345.6546,  52.0751,  13.6642, 109.7620,
        120.6439,  83.2117, 354.4886, 133.2858])
tensor([108.9172,  77.4734,  67.1777, 335.1334,  11.9167,   9.1623,  47.7079,
        125.3460,   7.5720, 323.2166,  75.4559,  75.6798,  85.2220,  23.2754,
         54.4255,  10.1241, 120.4583,  11.8903,  45.7257,  81.3167,  34.8316,
         87.2305,  96.3914,  73.2292, 119.5596,  52.2041,  79.3999,  78.1192,
        102.8916,  56.9193,  55.0969,  56.0055,  67.6131,  80.8884,  57.6420,
         89.0706,   6.2068,  22.0272, 115.9054,  77.8325, 342.0348,  47.6753,
         54.1026,   9.8128,  98.6341,  82.4631,  92.9447,  53.6259,  72.6045,
         71.9837,  82.3231, 126.1093, 345.6546,  58.5455,  13.6642,  86.9902,
        101.7156,  83.2117,  12.6375, 133.2858])
tensor([ 99.8030,  77.4734,  67.1777,  12.2088,  11.9167,   9.1623,  47.7079,
        125.3460,  51.9053, 323.2166,  75.4559,  75.6798,  80.7400, 112.9177,
         60.6856,  10.1241, 120.4583,  21.7449,  45.7257,  81.3167,  34.8316,
         72.3558,  83.8174,  75.8713, 105.6075,  52.2041,  81.4007,  81.1242,
        102.8916,  56.9193,  60.8009,  61.4353,  76.4983,  92.6036,  57.6420,
         93.0454,  50.9674,  97.2967,  97.0053,  77.8325,  21.0650,  47.6753,
         59.0318,   9.8128,  98.6341,  82.4631,  97.6454,  57.8148,  72.6045,
         71.9837,  79.7287,  76.6053,  14.0355,  58.5455,  88.2936,  86.9902,
        101.7156,  84.9574,  12.6375, 133.2858])
tensor([108.2045,  79.6560,  92.0271,  12.2088,  54.5625,  52.3541,  47.7079,
        105.6735,  49.9776, 323.2166,  69.0020,  77.1599,  80.7400, 112.9177,
         55.2302,  55.8137, 102.5065, 106.1822,  50.3481,  81.3167,  34.8316,
         72.3558,  97.6737,  75.8713, 105.6075,  52.2041,  81.4007,  81.1242,
        100.8567,  56.9193,  60.8009,  61.4353,  75.2499,  92.6036,  57.6420,
         95.0547,  50.9674,  98.9904,  94.2788,  77.8325,  30.5162,  47.6753,
         59.0318,  68.3717,  98.6341,  77.8050,  97.6454,  57.8148,  72.6045,
         71.9837,  81.7030,  72.8538,  14.0355,  52.2809,  99.3894, 101.1750,
        101.7156,  74.0401,  52.4983, 133.2858])
tensor([108.2045,  82.5157,  92.0271,  12.2088,  75.9362,  52.3541,  44.9045,
         95.1065,  49.9776, 323.2166,  76.1292,  77.1599,  83.9367,  85.7294,
         48.5257,  55.8137,  97.1491,  94.0405,  46.0003,  75.6101,  49.9889,
         72.3752,  97.6737,  75.8713,  99.2458,  43.3438,  85.4668,  79.7470,
        100.8567,  42.3988,  48.7450,  48.0888,  78.4782, 108.9646,  49.7293,
         95.0547,  50.9674,  98.9904,  94.2788,  77.8325, 102.2860,  47.8438,
         46.5880,  68.3717, 100.8330,  80.5147, 104.3814,  57.8148,  72.6045,
         71.9837,  81.7030,  72.8538,  14.0355,  52.2809,  99.3894, 101.1750,
        101.7156,  74.0401,  52.4983, 133.2858])
tensor([108.2045,  83.9969,  87.8811,  57.1942,  78.5711,  52.3541,  44.9045,
         95.1065,  60.2664, 323.2166,  79.6308,  77.1599,  83.9367,  89.2328,
         66.8142,  55.8137,  97.1491,  94.0405,  46.0003,  79.4444,  62.1035,
         72.3752,  97.6737,  75.8713,  99.2458,  64.7670,  85.4668,  80.8019,
         90.4802,  42.3988,  48.7450,  48.0888,  79.8538,  93.2189,  67.7017,
         95.0547,  58.6824,  94.6618,  95.0756,  77.8325,  91.6214,  66.2350,
         46.5880,  76.7915,  87.4991,  83.3633,  90.8107,  67.4579,  72.6045,
         78.7535,  86.2852,  72.8538,  87.2789,  52.2809,  99.3894, 101.1750,
        103.2706,  74.0401,  52.4983, 133.2858])
tensor([ 98.3583,  83.9969,  86.3809,  57.1942,  89.0002,  52.3541,  58.0482,
         95.1065,  58.9507, 323.2166,  89.7306,  77.1599,  88.4355,  94.1968,
         66.8142,  55.8137,  89.6285,  94.0405,  46.0003,  86.2960,  62.1035,
         72.3752,  89.0568,  75.8713,  84.4229,  64.7670,  95.7589,  88.0108,
         90.4802,  63.4684,  63.6436,  63.9641,  89.8573,  93.2189,  67.7017,
         90.6857,  57.7373,  96.3102,  99.7373,  85.7927,  91.6214,  66.2350,
         46.5880,  76.7915,  87.4991,  90.7390,  97.5045,  66.9006,  85.2706,
         78.7535,  86.2852,  72.8538,  87.2789,  61.8540,  99.3894,  94.0992,
        103.2706,  74.0401,  58.2648, 133.2858])
tensor([ 98.3583,  90.7499,  94.8666,  57.1942,  91.8333,  52.3541,  58.6079,
         95.1065,  59.8937, 323.2166,  92.6128,  77.1599,  88.4061,  99.0164,
         66.8142,  62.1158,  89.6285,  93.6214,  58.2288,  86.2960,  63.7198,
         79.2543,  92.6890,  75.8713,  99.1940,  63.4354,  95.7589,  90.0991,
         90.4802,  63.4684,  63.6436,  63.7946,  90.9827,  93.2189,  68.0477,
         95.4045,  57.5948, 101.3569,  99.7373,  84.1377,  91.6214,  66.2350,
         59.8064,  76.7915,  87.4991,  90.7390,  97.5045,  66.9006,  85.2706,
         78.7535,  86.2852,  72.8538,  87.2789,  60.9468,  94.2864,  96.6618,
        103.2706,  90.5883,  58.7638, 133.2858])
tensor([98.3583, 90.7499, 85.4692, 57.1942, 88.7897, 52.3541, 75.0122, 80.2135,
        76.1622, 71.3001, 89.4938, 77.1599, 88.4061, 90.0438, 66.8142, 79.9482,
        94.3388, 86.4372, 73.5554, 86.2960, 79.8026, 74.3699, 92.6890, 76.8305,
        89.5205, 63.4354, 88.1400, 90.0991, 90.4802, 63.4684, 63.6436, 81.0586,
        86.1066, 93.2189, 83.6903, 85.3372, 57.5948, 92.4068, 96.6165, 84.1377,
        91.6214, 66.2350, 59.8064, 76.7915, 87.4991, 90.7390, 97.5045, 83.0115,
        77.1092, 78.7535, 86.2852, 78.0364, 85.6346, 60.9468, 94.2864, 96.6618,
        90.3328, 90.5883, 76.0078, 72.9544])
tensor([ 99.3124,  90.7499,  99.3968,  57.1942,  92.6310,  68.9521,  66.2675,
         99.3308,  68.4090,  71.3001,  89.4938,  77.1599,  88.4061,  90.0438,
         62.8997,  79.9482,  94.3388,  99.9778,  65.8028,  86.2960,  79.8026,
         78.7481,  92.6890,  76.7840, 102.9911,  63.4354,  92.8009,  90.0991,
         90.4802,  67.1920,  63.6436,  81.0586,  89.1676,  93.2189,  76.5489,
        100.7189,  62.5258, 107.1133,  96.6165,  82.1607,  91.6214,  72.3352,
         59.8064,  76.7915,  96.4931,  90.7390, 100.5140,  75.3559,  81.0594,
         78.7535,  92.7664,  79.0612,  85.6346,  60.9468,  93.8163,  96.6618,
         90.3328,  86.4433,  76.0078,  72.9544])
tensor([ 90.7720,  97.5313,  91.6546,  57.1942,  92.6310,  68.9521,  67.0175,
         92.3558,  68.4090,  71.3001, 101.2799,  77.1599,  90.6522, 103.8364,
         62.8997,  67.8195, 103.7419,  99.9778,  66.9846,  86.2960,  75.0504,
         78.7481,  92.6890,  76.7840,  95.5668,  63.4354, 103.9891,  91.9061,
         91.7771,  67.1920,  68.6136,  81.0586,  89.1676,  93.2189,  79.1916,
         92.9217,  63.4122,  99.9951,  96.6165,  82.1607,  91.6214,  72.3352,
         59.8064,  85.1196,  90.8896,  90.7390, 100.5140,  75.3559,  91.5320,
         78.7535, 102.4444,  89.1769,  85.6346,  60.9468,  93.8163,  93.1552,
         98.2916,  96.4851,  64.6698,  72.9544])
tensor([ 90.7720,  97.5313, 104.7846,  57.1942, 100.2663,  68.9521,  67.0175,
        104.6669,  68.4090,  71.3001, 101.2799,  83.8362,  91.2897, 110.9167,
         62.8997,  60.5265, 108.1629,  99.9778,  58.0688,  84.8206,  64.3302,
         78.7481,  96.7314,  85.3804,  95.5668,  55.2592, 103.9891,  91.9061,
         97.1471,  55.3965,  61.7041,  81.0586,  89.1676,  93.2189,  68.5714,
         92.9217,  63.4122,  99.9951, 114.6876,  89.0170,  91.6214,  63.5831,
         59.8064,  83.8982, 102.1719,  90.7390, 102.0663,  75.3559,  91.5320,
         78.7535, 104.1404,  89.1769, 102.3897,  52.2483,  93.8163, 103.2254,
        102.4192,  96.4851,  64.6698,  99.8860])
tensor([ 90.7720,  93.8047,  99.2646,  57.1942, 100.2663,  78.0920,  66.3124,
        104.6669,  68.4090,  71.3001, 101.2799,  79.5037,  91.2897, 110.9167,
         60.3898,  77.2263, 108.1629, 104.2138,  58.0688,  82.4057,  79.0564,
         80.6935,  96.7314,  85.3804, 102.7572,  69.2921, 103.9891,  91.9061,
         93.3296,  55.3965,  61.7041,  81.0586,  89.1676,  93.2189,  80.3759,
        100.1224,  63.0176, 110.1632, 114.6876,  89.0170,  99.4970,  78.4872,
         59.8064,  83.8982, 102.1719,  85.4234,  98.4045,  79.7074,  86.0716,
         89.3216, 102.7616,  89.1769, 101.5249,  64.2209,  95.5019, 103.2254,
        102.4192,  93.7624,  64.6698,  99.8860])
tensor([ 80.4107, 103.6134,  99.2646,  57.1942, 103.3436,  78.0920,  86.4208,
        104.6669,  68.4090,  68.7260, 101.2799,  87.1898,  91.2897, 110.9167,
         60.3898,  77.2263, 108.1629,  82.3439,  86.0426,  92.1071, 105.3723,
         80.6935,  69.9582,  85.3804, 102.7572,  69.2921, 103.9891,  91.9061,
         93.3296,  55.3965,  97.1336,  84.8296,  98.8640,  93.2189,  80.3759,
         79.5404,  63.0176,  87.1674, 114.6876,  94.0801,  74.6239, 104.8814,
         78.7608,  90.9772,  78.9864,  93.4732,  79.3782,  79.7074,  96.1189,
         89.3216, 110.7656,  89.1769, 109.9191,  64.2209,  76.8774,  76.8185,
         78.4164,  93.7624,  64.6698,  99.8860])
tensor([100.1871, 103.6134,  92.5463,  48.9229, 115.5010,  78.0920,  86.4208,
        104.6669,  68.4090,  51.8317, 117.1974, 101.3087, 107.1740,  99.4526,
         60.3898,  76.7141,  96.5336,  82.3439,  86.0426, 104.9136,  86.6363,
         80.6935,  69.9582,  85.3804, 102.7572,  69.2921, 103.9891, 104.7058,
         87.7726,  66.7156,  97.1336,  84.8296,  98.8640,  93.2189,  80.3068,
        102.2191,  62.7552,  87.1674,  95.8783, 106.0012,  74.6239, 104.8814,
         78.7608, 104.7077, 103.7731,  93.4732, 102.1427,  78.8739,  96.1189,
        112.8602, 125.4904,  89.1769, 109.9191,  64.2209,  76.8774,  76.8185,
        100.8989, 116.6269,  58.5599,  99.8860])
tensor([ 93.3678, 114.5745,  92.5463,  56.8418, 115.5010,  93.7404,  86.4208,
        104.6669,  70.0212,  51.8317, 117.4602, 101.9918, 107.1740,  99.4526,
         66.5896,  76.7141,  99.4429, 103.3531,  86.0426, 104.9136,  86.6363,
         95.2717,  89.0046,  85.3804, 102.7572,  78.7767, 125.4365, 104.7058,
         87.7726,  66.7156,  97.1336,  70.3216,  98.8640,  93.2189,  93.8255,
        102.2191,  72.2375, 104.6057,  99.0975, 106.0012,  74.6239,  95.0341,
         67.3253, 104.7077,  96.7161, 104.2647, 102.1427,  92.6212,  96.1189,
        112.8602, 123.8703,  89.1769, 109.9191,  70.5298,  93.2481,  97.1342,
         94.7778, 116.6269,  58.5599,  86.2615])
tensor([ 93.3678, 114.5745,  92.5463,  73.5769,  92.6737,  93.7404,  86.4208,
        104.6669,  70.0212,  74.8092,  93.2351, 101.9918, 107.1740, 103.0615,
         85.1981, 103.0271,  99.4429, 103.4704,  86.0426,  79.7570, 114.8434,
         72.6559,  89.0046,  70.9913, 102.7572,  78.7767,  96.4881, 104.7058,
         93.8663,  66.7156, 102.6746,  89.1431,  82.7514, 102.0512,  93.8255,
         95.2646,  90.1403, 104.6057,  99.0975,  80.6584,  92.4884, 114.8593,
         67.3253,  77.8083,  96.7161,  80.9855,  98.0498,  92.6212,  96.1189,
        112.8602, 123.8703,  70.8573, 109.9191,  70.5298,  92.5426,  97.1342,
         94.7778,  89.3670,  82.6116,  86.2615])
tensor([ 93.3678, 114.5745,  92.5463,  70.6738,  92.6737, 104.6556,  86.4208,
         69.9775,  70.0212,  70.9223, 128.0274, 109.7702, 107.1740,  83.3197,
         85.1981, 103.0271,  86.6683,  83.4795,  86.0426, 112.8527, 114.8434,
         72.6559,  70.2479, 103.3366,  74.0138,  84.0820,  96.4881, 108.3400,
         93.8663,  83.8135, 102.6746,  81.2050, 119.4710, 102.0512,  93.8255,
         77.9091,  83.7757, 104.6057,  86.1709,  80.6584,  92.4884, 114.8593,
         67.3253, 112.4856,  85.8188,  80.9855,  98.0498, 100.0708,  96.1189,
        121.9736, 123.8703,  70.8573, 132.8318,  76.8869,  76.3365,  97.1342,
         94.7778, 122.8541,  82.6116,  78.7773])
tensor([ 93.3678, 114.5745,  93.4416,  70.6738,  92.6737,  95.4195,  68.3898,
         93.2741,  67.4759,  70.9223, 120.6684, 109.7702, 107.1740, 105.4217,
         85.1981,  85.4399, 107.6379, 107.2377,  86.0426, 112.8527,  97.9305,
         72.6559,  70.2479, 103.3366,  96.4789,  80.7833,  96.4881,  99.3024,
         90.6606,  83.8135, 102.6746,  74.3059, 114.6860,  92.1939,  93.8255,
         77.9091,  83.7757, 104.6057,  86.1709, 100.8844,  87.0736, 114.8593,
         64.9088, 105.9928, 106.6798,  80.9855,  97.6439,  92.1265, 102.1356,
        114.9645, 123.8703,  93.7560, 132.8318,  76.8869,  76.3365,  97.1342,
         94.8571, 122.8541,  82.6116,  97.8883])
tensor([112.2340,  92.1757,  93.4416,  70.6738,  92.6737,  95.4195,  68.3898,
        108.9416,  67.4759,  57.5227, 120.6684,  79.5308,  77.4773, 120.7534,
         85.1981,  80.5922, 121.3671, 123.8073,  59.9110,  83.2090,  97.9305,
         72.6559,  70.2479, 103.3366, 111.6248,  80.7833,  97.5351,  99.3024,
        111.3087,  83.8135, 102.6746,  74.3059, 114.6860, 113.1984,  87.2618,
        115.7579,  83.7757, 124.0172, 124.6024, 100.8844, 106.9603, 114.8593,
         61.9436,  84.4952, 106.6798,  80.9855,  97.6439,  86.6476, 102.1356,
         95.4915,  98.7176,  93.7560,  97.6530,  61.6408, 113.2516,  97.1342,
         94.8571, 122.8541,  82.6116, 117.9468])
tensor([106.7666, 100.2113,  93.4416,  70.6738, 103.5839,  95.4195,  61.0807,
        107.1147,  61.0076,  57.5227, 105.4575,  79.5308,  77.4773, 121.2541,
         85.1981,  80.5922, 121.8629, 123.8073,  60.3934,  83.2090,  97.9305,
         72.6559, 106.2734,  83.4639, 110.0890,  80.7833, 111.5195,  99.3024,
        108.6291,  83.8135, 102.6746,  65.3777, 103.9652, 113.1984,  87.6066,
        110.5655,  64.4708, 124.0172, 124.6024, 100.8844, 106.9603, 114.8593,
         62.2821,  94.8271, 106.6798,  87.8695, 119.0184,  88.1400,  88.0616,
         95.4915, 111.2460,  83.6454,  97.6530,  62.6785, 113.2516,  97.1342,
         94.8571, 100.7383,  82.6116, 117.9468])
tensor([ 66.9260, 100.2113,  93.4416,  70.6738, 103.5839,  95.4195,  61.0807,
         66.2528,  61.0076,  57.5227, 105.4575,  79.5308, 114.5843,  77.4120,
         85.1981,  80.5922, 121.8629,  74.3347,  60.3934, 118.6401, 110.0335,
        108.1655,  59.9867,  83.4639,  69.5557,  93.3548, 111.5195, 114.4763,
         68.3372,  92.6187, 102.6746,  93.0987, 132.4424,  66.5303, 115.2343,
        110.5655,  89.8918,  77.4460, 124.6024, 100.8844, 106.9603, 114.8593,
         62.2821, 125.6074, 106.6798, 120.3638, 119.0184,  88.1400, 119.5985,
        132.5314, 140.6315, 116.0589,  97.6530,  90.6646,  65.9263,  97.1342,
         69.4157, 100.7383,  79.7073, 117.9468])
tensor([102.7442, 130.1954,  93.4416,  70.6738, 131.1193,  95.4195,  61.0807,
         66.2528,  61.0076,  57.5227, 132.5620,  79.5308, 116.2149,  77.4120,
         85.1981,  92.2540, 121.8629,  74.3347,  79.5065, 120.5730, 110.0335,
        111.6834,  59.9867, 110.5704, 102.7665,  90.0126, 140.5310, 114.7692,
        103.3546,  89.4737, 102.6746,  87.5311, 132.4424, 101.6455, 115.2343,
        110.5655,  89.8918, 108.8882,  92.9725, 115.9392, 106.9603, 114.8593,
         78.9830, 125.6074,  94.3897, 122.3578,  85.4527, 108.7648, 119.5985,
        132.5314, 140.6315, 117.8752,  97.6530,  85.7831,  65.9263,  95.8062,
         98.8657, 100.7383,  79.7073, 117.9468])
tensor([104.0686, 130.1954,  82.2178,  70.6738, 133.7480,  95.4195,  79.1816,
         66.2528,  61.0076,  70.4749, 135.1002, 109.1010, 116.2149,  77.4120,
         85.1981,  92.2540,  96.1287, 106.3923,  79.5065, 120.8445, 110.0335,
        111.6834,  93.5023, 113.0416, 102.7665,  99.1461, 137.8448, 114.7692,
        103.3546,  98.5583, 102.6746,  93.7509, 130.9397, 101.6455, 111.5506,
        110.5655,  89.8918, 108.8882, 108.5127, 116.8917,  77.5647, 114.8593,
         78.9830, 121.7179,  94.3897, 123.1936,  85.4527, 108.7648, 119.5985,
        131.6012, 137.0290, 118.7982,  97.6530,  92.3380,  65.9263,  95.8062,
        100.9779, 100.7383,  75.6985,  87.2673])
tensor([104.0686, 129.0209,  82.2178,  70.6738, 138.6416, 102.4229,  79.1816,
         66.2528,  61.0076,  70.4749, 139.8221, 109.1010, 116.2149, 106.4149,
         85.1981,  97.3510, 107.4924, 103.3994,  79.5065, 123.8575, 110.0335,
        112.0589,  90.5540, 116.9683, 102.7665, 105.5599, 137.8448, 114.5530,
         98.1830, 104.8077, 102.6746,  93.7509, 135.3567,  98.1204, 114.8878,
        110.5655,  89.8918, 106.4472, 107.4490, 116.8917,  89.8642, 114.8593,
         85.2943, 125.7587, 103.7886, 125.8915,  85.4527, 115.0928, 119.5985,
        131.6012, 137.0290, 122.1619,  97.6530,  92.3380,  65.9263,  96.5822,
        100.9779, 128.3676,  75.6985,  87.2673])
tensor([104.0686, 126.0420,  82.2178,  55.4274, 138.6416, 102.4229,  79.1816,
         66.2528,  61.0076,  70.4749, 134.8903, 106.3979, 116.2149, 106.4149,
         60.3777,  86.9721, 124.2249, 121.2448,  79.5065, 117.0184,  92.9463,
        107.2468, 106.5608, 116.9683, 102.7665,  94.5489, 137.8448, 109.3462,
         98.1830,  93.9799,  86.1627,  93.7509, 135.3567,  98.1204, 114.8878,
         98.0675,  89.8918, 106.4472, 107.4490, 111.5812, 105.9409,  93.0027,
         85.2943, 119.6822, 103.7886, 119.3221, 114.9576, 106.1731, 109.8722,
        131.6012, 137.0290, 115.7517, 133.3879,  79.5014,  65.9263,  96.5822,
        100.9779, 128.3676,  66.8719, 112.9852])
tensor([104.0686, 126.0420,  70.0750,  55.4274, 129.7158, 102.4229,  79.1816,
         74.2970,  96.2457,  94.7903, 131.2411, 106.3979, 103.9088,  88.8597,
         60.3777, 124.7558,  88.1229,  85.0328,  79.5065, 117.0785,  92.9463,
        107.2468, 106.5608, 108.2009, 102.7665, 129.9847, 137.8448, 109.3462,
         78.1236, 129.8241,  86.1627,  93.7509, 135.3567,  79.7951, 114.8878,
         98.0675, 101.0464,  89.8471,  91.6018, 111.5812,  71.8395,  93.0027,
         85.2943, 119.6822, 103.7886, 119.3221,  80.0563, 106.1731, 109.4631,
        123.2188, 129.0603, 113.9145, 127.2139, 116.2263,  65.9263,  96.5822,
        100.9779, 121.4624, 103.0993, 112.9852])
tensor([104.0686, 123.5756, 104.4601,  65.7751, 129.7158, 102.4229,  79.5228,
        107.2998,  96.2457,  94.7903, 131.2411, 102.8268, 101.7811, 124.7937,
         72.0457, 124.7558,  88.1229, 122.2979,  79.5065, 117.0785, 106.5239,
        104.5788, 106.5608, 108.2009, 102.7665, 109.0774, 137.8448, 109.3462,
        114.3591, 129.8241,  86.1627,  87.4765, 135.3567, 115.2816, 114.8878,
        103.6224, 101.0464,  89.8471, 125.9766, 108.4135,  71.8395, 105.1743,
         85.2943, 115.9563, 122.0278, 119.3221,  80.0563, 106.1731, 109.9852,
        123.2188, 129.0603, 113.9145, 128.9270,  93.1861, 107.5957, 115.1889,
        100.9779, 120.3233,  82.3796, 113.1290])
tensor([117.5781, 123.5756, 109.5057,  65.7751, 129.7158, 112.4385,  79.5228,
        111.4051,  96.2457,  94.7903, 115.5536, 102.8268,  93.2875, 127.5818,
         80.5299, 105.3726, 131.2635, 122.2979,  80.9621, 117.0785, 115.0408,
         93.7778, 106.5608, 108.2009, 115.5035, 112.5777, 137.8448, 109.3462,
        116.5637, 110.9670, 104.0166,  93.5947, 135.3567, 115.2816, 114.8878,
        111.3536, 101.0464, 130.5160, 128.4986, 108.4135, 113.9898, 105.1743,
         85.2943, 115.9563, 122.0278,  98.7344,  80.0563, 106.1731, 100.6660,
        105.3387, 115.6246,  95.7532, 118.0615,  93.1861, 107.7111, 115.1889,
        100.9779, 120.3233,  82.3796, 113.1290])
tensor([114.2569, 114.8207, 112.7296,  68.6426, 129.7158, 110.4574,  79.5228,
        114.8681,  73.8903,  68.6246, 115.5536, 102.8268,  93.2875, 131.8075,
         80.5299, 105.3726, 133.6398, 127.6828,  80.9621, 101.6799, 115.0408,
         93.7778, 106.5608, 108.2009, 113.1692, 112.5777, 137.8448, 109.3462,
        116.5637, 108.3884, 104.0166,  93.5947, 135.3567, 122.5710, 106.2178,
        111.3536,  76.9896, 130.5160, 133.2938, 108.4135, 113.9898, 110.9326,
         75.8972, 105.0759, 122.0278,  98.7344,  80.0563, 106.2805, 106.3396,
        105.3387, 124.6252, 103.5686, 125.1343,  93.1861, 107.7111, 121.4116,
        115.3494, 114.3519,  81.8718, 113.1290])
tensor([114.2569, 114.0772, 112.7296,  95.7760, 129.7158, 137.0455,  79.5228,
        114.8681, 103.0201,  68.6246, 115.5536,  89.5960,  94.4325, 131.8075,
         80.5299, 127.5966, 116.9421, 108.6815,  80.9621, 101.6799, 115.0408,
         94.4377,  86.1340, 108.2009,  94.8667, 112.5777, 137.8448,  88.5066,
         99.5151, 108.3884, 104.0166, 114.6945, 135.3567, 104.6236, 106.2178,
         92.5625,  76.9896, 113.9746, 117.2507, 108.4135,  94.1486, 137.7871,
        104.7295, 103.8086, 108.7866,  98.8256,  80.0563, 133.4230, 106.3396,
        107.1598, 124.6252, 103.5686, 122.4137,  93.1861, 107.7111, 103.9819,
        115.3494, 114.3519, 108.7656, 113.1290])
tensor([114.2569, 114.0772, 100.3427,  81.2985, 126.1060, 119.9430,  80.6260,
        114.8681, 103.0201,  74.9965, 128.8468, 107.1040, 112.9545, 122.4122,
         80.5299, 127.5966, 129.0109, 122.1020,  80.9621, 101.6799, 115.0408,
         94.4377,  86.1340, 101.8952,  94.8667, 112.5777, 139.3862, 107.6988,
         99.5151, 108.3884, 106.1057, 114.6945, 125.4500, 104.6236, 114.3561,
        106.5077,  76.9896, 113.9746, 117.2507, 107.3912,  94.1486, 120.1733,
         88.1584, 121.4373, 108.7866, 116.0427, 112.1517, 115.3274, 106.3396,
        107.1598, 124.6252, 103.5686, 137.8313,  93.1861,  97.5858, 103.9819,
         97.1041, 114.3519,  90.9397, 113.1290])
tensor([114.2569, 142.8919,  76.7153,  91.7210, 126.1060, 127.9284,  80.6260,
         75.1205,  93.7689,  74.9965, 128.8468, 107.1040, 112.9545, 122.4122,
         80.5299, 127.5966, 101.9579,  94.4820,  80.9621, 130.9054, 128.8562,
         94.4377,  86.1340, 101.8952,  79.8385, 116.2976, 139.3862, 129.0110,
         81.8825, 108.3884, 106.1057, 114.6945, 125.4500,  88.4461, 125.0971,
        106.5077,  90.3642, 113.9746, 102.6641, 107.3912,  94.1486, 120.1733,
         99.6992, 139.7897,  94.9879, 135.1215, 112.1517, 126.0213, 132.4119,
        107.1598, 124.6252, 103.5686, 137.8313,  98.2466,  76.5059,  88.0210,
         75.6428, 114.3519, 101.8029,  82.1978])
tensor([114.2569, 104.1172,  76.7153,  91.7210, 126.1060, 127.9284,  88.9024,
         75.1205,  93.2723,  74.9965, 108.3938, 107.1040,  89.1807, 132.4126,
         80.5299, 113.2091, 101.9579,  94.4820,  84.9155,  90.8788, 128.8562,
         84.7998,  86.1340,  83.5371,  79.8385, 113.1114, 139.3862,  88.3030,
        126.9740, 108.3884, 111.5770, 114.6945,  98.4422, 133.5691, 124.0622,
        119.1163,  90.3642, 133.3075, 102.6641, 107.3912, 116.7802, 128.9729,
         99.6992,  98.4826,  94.9879, 135.1215, 125.7072, 126.0213,  92.0619,
        107.1598, 112.3369, 103.5686, 112.9269,  96.7514,  76.5059, 132.9345,
         75.6428, 103.8325, 101.8029,  82.1978])
tensor([ 82.2200, 104.1172,  90.4786,  91.7210, 148.0292, 127.9284,  88.1604,
         92.4427,  93.2251,  78.1667, 108.3938, 107.1040,  89.1807, 132.4126,
         78.0603, 113.2091, 101.9579, 105.6824,  84.9155, 138.3228, 122.1796,
         84.7998,  80.6498,  83.5371,  79.8385, 113.1114, 155.5315,  88.3030,
        126.9740, 108.3884, 111.5770, 114.6945, 145.4095, 103.8694, 122.6533,
        119.1163,  85.1537, 106.0594, 102.6641, 107.3912,  87.6701, 122.9856,
         99.6992,  98.4826, 104.4154, 135.1215, 125.7072, 121.1660, 140.4827,
        144.2082, 155.3353, 103.5686, 156.1041,  96.7514,  76.5059, 103.1746,
         90.0917, 103.8325,  93.8050,  98.6902])
tensor([ 82.2200, 123.2943,  90.4786,  85.4931, 124.2228, 128.7744,  88.1604,
         92.4427,  99.7261,  78.1667, 125.5219, 107.1040,  89.1807, 132.4126,
         78.0603, 116.1581, 132.8765, 134.0808,  84.9155, 112.2352, 122.1796,
        104.3017,  80.6498, 102.8814, 116.7371, 114.9744, 155.5315,  88.3030,
        126.9740, 113.6181, 115.7643,  94.8539, 119.8564, 134.4170, 128.8284,
        119.1163,  93.2848, 133.8663, 102.6641, 107.3912, 120.7786, 130.2599,
         99.6992,  98.4826, 104.4154, 107.9734, 125.7072, 128.4449, 140.4827,
        144.2082, 133.1868, 103.5686, 134.1025,  96.7514,  76.5059, 103.1746,
        118.8083, 122.1973,  93.8050,  98.6902])
tensor([ 82.2200, 137.7170,  90.4786, 106.1035, 139.1309, 145.8498, 109.1075,
         90.6419, 118.3109,  78.1667, 125.5219, 110.2551,  89.1807, 101.6908,
        101.8370, 116.1581, 104.9757, 104.4871, 102.0228, 112.2352, 122.1796,
        104.3017,  80.6498, 102.8814, 116.7371, 114.9744, 144.9394, 117.9576,
        126.9740, 113.6181, 115.7643,  94.8539, 134.1786, 102.0264, 145.4711,
        119.1163, 113.0060, 133.8663, 102.6641, 111.8766,  88.8445, 130.2599,
        109.5648, 125.5951, 104.4154, 107.9734,  90.3568, 144.8871, 140.4827,
        133.9521, 133.1868, 103.5686, 134.1025, 115.4128,  76.5059, 103.1746,
         87.9793, 122.1973, 114.9951,  95.1777])
tensor([ 92.9415, 137.7170,  90.4786, 106.1035, 133.0272, 145.8498, 109.1075,
         90.6419, 118.3109,  78.1667, 125.5219, 110.2551, 111.2714, 101.6908,
        108.4861, 134.9742, 112.8268, 104.4871, 107.7063, 112.2352, 122.1796,
        104.3017,  80.6498, 110.6842,  90.2373, 114.9744, 137.9342, 113.8586,
         90.2887, 113.6181, 134.9560, 116.9727, 129.8587, 102.0264, 147.7372,
        119.1163, 113.0060, 109.2657, 110.8231, 111.8766,  98.7512, 130.2599,
        115.1081, 121.0105, 104.4154, 116.8884,  90.3568, 144.8871, 140.4827,
        130.4025, 133.1868, 107.4967, 134.1025, 115.4128,  87.0006, 110.8321,
         98.1774, 131.8748, 119.2140, 105.6199])
tensor([118.0639, 137.7170, 114.7593, 106.1035, 133.0272, 145.8498, 109.1075,
        118.6567, 118.3109,  78.1667, 125.5219, 110.2551, 121.1636, 101.6908,
        108.4861, 134.9742, 112.8268, 104.4871,  79.2749, 125.6090, 111.6769,
        104.3017, 108.9923, 110.6842,  90.2373, 114.9744, 146.1715, 124.0786,
         90.2887,  97.1968, 134.9560, 116.9727, 141.0083, 134.2477, 116.6850,
        110.7621,  82.3913, 134.1859, 110.8231, 114.7182, 122.0422, 112.5695,
         84.7747, 121.0105, 132.7151, 116.8884, 129.0073, 116.2871, 140.4827,
        141.0110, 147.5499, 107.4967, 134.1025, 115.4128,  87.0006, 132.4916,
        121.1343, 138.7283, 119.2140, 128.2961])
tensor([ 23.8050,  18.5689, 114.7593, 106.1035,  32.2043, 145.8498,  20.5867,
         25.9020,  18.5417,  78.1667, 125.5219, 110.2551, 121.1636,  36.1638,
         33.3079, 134.9742,  17.9265,  24.1765,  79.2749, 125.6090,  26.3454,
        104.3017, 108.9923, 110.6842,  28.6419, 114.9744, 146.1715,  29.4728,
         26.3736,  97.1968,  32.7365,  18.9576,  24.6686, 134.2477, 116.6850,
        110.7621,  31.4768, 134.1859,  25.6098,  25.6938, 122.0422,  31.3779,
         25.9521, 121.0105,  21.0887, 116.8884,  20.1943, 116.2871,  24.4916,
         28.8477, 147.5499,  35.4655, 134.1025, 115.4128,  38.7797,  34.8821,
         19.1016, 138.7283, 119.2140, 128.2961])
tensor([ 35.7535,  29.4777, 114.7593, 106.1035,  32.2043, 145.8498,  27.7213,
         34.9438,  18.5417,  78.1667, 125.5219,  33.2467, 121.1636,  40.5676,
         39.6907, 134.9742,  17.9265,  24.1765,  38.4992, 125.6090,  26.3454,
         34.1233,  32.4381, 110.6842,  34.0372, 114.9744,  27.0291,  32.2078,
         33.0172,  26.5405,  32.7365,  27.7933,  24.6686,  38.6690,  35.1723,
         36.7799,  31.4768, 134.1859,  25.6098,  35.6192, 122.0422,  38.2585,
         35.5247,  33.7734,  27.5083,  34.7245,  26.6729,  36.9664,  32.8253,
         28.8477,  33.8906,  35.4655, 134.1025, 115.4128,  38.7797,  34.8821,
         26.5823, 138.7283, 119.2140, 128.2961])
tensor([ 35.7535,  29.4777,  30.2097, 106.1035,  32.2043,  30.5674,  30.7932,
         34.9438,  18.5417,  78.1667,  29.3250,  30.8365,  30.1855,  40.5676,
         39.6907,  29.5258,  30.0420,  24.1765,  36.1795,  29.3400,  26.3454,
         34.1233,  32.4381,  28.5567,  34.0372,  32.3417,  30.7715,  30.4702,
         30.5551,  26.5405,  33.7927,  31.1067,  32.0356,  38.6690,  35.1723,
         30.8793,  31.4768,  29.6555,  32.4410,  35.6192, 122.0422,  38.2585,
         34.3929,  33.7734,  27.5083,  31.2920,  30.5818,  34.8580,  32.8253,
         31.4046,  33.8906,  35.4655, 134.1025,  32.0199,  38.7797,  34.6270,
         26.5823,  27.8480, 119.2140,  30.1999])
tensor([ 33.3331,  33.0321,  31.8890, 106.1035,  32.2043,  30.5674,  30.7932,
         34.9438,  18.5417,  78.1667,  31.7364,  30.8365,  32.4228,  40.5676,
         30.2217,  29.5258,  30.0420,  24.1765,  36.1795,  32.6091,  26.3454,
         34.1233,  31.6957,  29.4014,  34.0372,  31.4486,  30.7715,  30.4702,
         30.5551,  31.0454,  30.0755,  33.7860,  32.0969,  28.6739,  29.2586,
         28.3142,  31.4768,  32.5576,  32.4410,  32.9576, 122.0422,  28.4341,
         33.6330,  33.7734,  32.5051,  34.1814,  33.0374,  34.8580,  31.8367,
         31.4046,  27.8606,  35.4655, 134.1025,  31.4364,  38.7797,  30.9552,
         31.9757,  27.8480,  30.7997,  30.1999])
tensor([34.5209, 33.0321, 31.8890, 28.3232, 32.2043, 30.5674, 30.7932, 34.9438,
        33.7441, 78.1667, 31.7364, 30.8365, 30.3928, 34.1998, 35.2065, 29.5258,
        30.0420, 31.9868, 36.1795, 32.6091, 26.3454, 28.8769, 33.1610, 34.0469,
        29.2355, 31.4486, 36.2106, 29.9747, 30.5551, 31.0454, 35.0943, 37.1426,
        33.1994, 33.7663, 29.2586, 33.1662, 32.0309, 36.3401, 32.7556, 32.9576,
        29.6011, 28.4341, 34.8937, 33.7734, 32.5051, 34.1814, 36.4250, 34.7041,
        31.8367, 31.4046, 32.6401, 32.5125, 29.5297, 31.4364, 34.0576, 30.9552,
        31.9757, 33.8368, 30.7997, 30.1999])
tensor([35.5570, 32.8543, 31.7683, 28.3232, 38.1617, 30.3007, 30.7932, 32.6019,
        31.6420, 78.1667, 29.6575, 31.4531, 30.3928, 34.1998, 41.7741, 32.0956,
        31.2588, 33.5470, 41.9731, 32.6091, 26.3454, 28.8769, 34.6050, 34.0469,
        29.2355, 31.4486, 36.2106, 29.9747, 30.3327, 31.0454, 35.0943, 37.1426,
        34.4134, 33.7663, 29.2586, 39.8336, 32.0309, 32.8727, 34.3669, 32.9576,
        32.4508, 28.4341, 34.8937, 31.9928, 32.5051, 32.4535, 36.4250, 34.7041,
        31.8367, 31.4046, 39.5478, 38.8508, 29.5297, 33.1988, 39.8195, 41.3699,
        31.9757, 30.8836, 29.6782, 30.1999])
tensor([35.5570, 33.6433, 31.7683, 28.3232, 37.3590, 30.3007, 31.2110, 37.3026,
        31.6420, 78.1667, 33.0798, 31.4531, 33.5534, 37.6818, 39.8949, 32.0956,
        32.3678, 37.7587, 39.5602, 31.3636, 34.5857, 32.3114, 34.6050, 34.0469,
        32.4674, 36.6265, 33.3654, 33.1619, 30.3327, 31.7477, 38.5802, 34.1816,
        39.3229, 38.0667, 37.1845, 39.8336, 32.0309, 32.8727, 34.3669, 32.9576,
        37.6186, 37.6380, 38.7617, 31.9928, 32.2756, 34.9801, 33.3540, 34.7041,
        31.8367, 31.4046, 39.5478, 38.8508, 29.5297, 33.1988, 39.8195, 41.3699,
        31.9757, 30.8836, 29.6782, 30.1999])
tensor([35.5570, 39.4073, 37.3412, 30.6210, 38.2383, 30.3007, 31.2110, 37.3026,
        38.1330, 78.1667, 34.4847, 31.4531, 33.5534, 38.9673, 41.2406, 32.0956,
        32.3678, 37.7587, 39.5602, 37.4213, 33.3966, 32.3114, 34.6050, 34.0469,
        32.4674, 35.3459, 33.3654, 34.6285, 33.4735, 31.7477, 38.5802, 34.1816,
        37.3075, 38.9660, 37.3492, 39.8336, 36.7084, 39.3591, 35.9733, 32.9576,
        36.0426, 37.6867, 38.7617, 33.8315, 38.2096, 36.4949, 39.5093, 35.7593,
        31.8367, 32.3750, 38.7383, 38.8508, 32.2567, 33.1988, 39.8195, 41.3699,
        36.2085, 30.8836, 29.6782, 30.1999])
tensor([39.6084, 39.4073, 39.1980, 30.6210, 39.0919, 30.3007, 37.7140, 37.3026,
        40.2940, 78.1667, 39.6985, 31.4531, 37.5146, 40.0098, 41.2406, 32.0956,
        38.1633, 37.7587, 39.5602, 39.2648, 33.3966, 32.3114, 38.6015, 34.0469,
        36.3623, 35.3459, 38.8601, 38.8347, 33.4735, 37.4973, 39.5056, 40.1191,
        41.8219, 38.9660, 37.3492, 38.1959, 36.6904, 40.9830, 39.2652, 36.8484,
        36.0426, 37.6867, 38.7617, 33.8315, 38.2096, 41.3114, 41.9563, 39.4045,
        36.4227, 32.3750, 38.7383, 38.8508, 32.2567, 36.3174, 39.8195, 39.3708,
        36.2085, 30.8836, 35.5209, 30.1999])
tensor([39.6084, 47.5277, 48.1204, 30.6210, 36.1662, 30.3007, 46.0582, 37.3026,
        48.8817, 78.1667, 42.2698, 31.4531, 39.9372, 37.7004, 41.2406, 44.6616,
        38.1633, 39.6952, 35.3987, 39.2648, 38.3381, 36.9363, 41.3497, 34.0469,
        37.9875, 40.4803, 38.8601, 41.4805, 33.4735, 37.4973, 39.5056, 49.2942,
        45.3938, 38.9660, 34.3095, 34.8573, 34.5873, 49.8885, 39.2652, 39.3531,
        36.0426, 37.6867, 41.2982, 33.8315, 38.2096, 41.3114, 41.9563, 39.4045,
        36.4227, 32.3750, 38.7383, 38.8508, 32.2567, 38.6218, 33.2986, 36.4033,
        36.2085, 43.1097, 37.4577, 30.1999])
tensor([39.6084, 47.5277, 42.8752, 30.6210, 42.9659, 30.3007, 41.6581, 42.1408,
        43.4807, 36.4781, 47.0989, 31.4531, 39.9372, 44.4093, 41.2406, 39.8710,
        39.9151, 44.4764, 41.2436, 39.2648, 43.4246, 40.4251, 41.3497, 37.8187,
        42.4641, 40.4803, 40.6718, 41.4805, 33.4735, 37.4973, 39.5056, 44.0871,
        51.7766, 38.9660, 40.7249, 41.9957, 34.5873, 44.4665, 46.2448, 39.3531,
        36.0426, 37.6867, 41.2982, 33.8315, 38.2096, 41.3114, 41.9563, 46.9313,
        43.0065, 32.3750, 38.7383, 36.3972, 39.2482, 38.6218, 33.2986, 36.4033,
        36.5475, 43.1097, 41.9387, 36.1399])
tensor([43.9938, 47.5277, 48.7811, 30.6210, 46.9152, 40.0128, 47.3134, 42.5130,
        49.4266, 36.4781, 47.0989, 31.4531, 39.9372, 44.4093, 45.1395, 39.8710,
        39.9151, 45.4121, 45.0761, 39.2648, 43.4246, 43.6942, 41.3497, 40.4002,
        45.4727, 40.4803, 47.5291, 41.4805, 33.4735, 43.4571, 39.5056, 44.0871,
        51.4135, 38.9660, 44.9259, 46.1413, 41.5233, 50.6506, 46.2448, 43.2626,
        36.0426, 40.4299, 41.2982, 33.8315, 43.3723, 41.3114, 48.1030, 47.4628,
        43.8702, 32.3750, 41.2751, 39.7862, 39.2482, 38.6218, 40.0137, 36.4033,
        36.5475, 43.0061, 41.9387, 36.1399])
tensor([35.8144, 48.8015, 53.8284, 30.6210, 46.9152, 40.0128, 52.1930, 34.6037,
        49.4266, 36.4781, 33.1847, 31.4531, 30.1287, 67.8636, 45.1395, 47.9243,
        47.6058, 45.4121, 69.6340, 39.2648, 32.7228, 43.6942, 41.3497, 40.4002,
        32.3122, 40.4803, 53.1754, 32.3648, 27.1150, 43.4571, 60.7859, 44.0871,
        51.4135, 38.9660, 68.0771, 68.8216, 64.8175, 55.3857, 46.2448, 43.2626,
        36.0426, 40.4299, 41.2982, 30.2054, 47.7167, 41.3114, 48.1030, 47.4628,
        35.7329, 32.3750, 63.8500, 62.9963, 39.2482, 38.6218, 40.0137, 64.2552,
        44.3047, 47.7531, 30.9936, 36.1399])
tensor([35.8144, 48.8015, 60.7909, 30.6210, 57.8795, 40.0128, 52.1930, 40.6024,
        49.4266, 36.4781, 33.1847, 33.8557, 40.4759, 58.7932, 45.1395, 55.3776,
        54.6721, 45.4121, 59.8054, 51.2787, 38.4491, 43.6942, 36.3905, 51.4377,
        32.3122, 35.7195, 53.1754, 32.3648, 37.0466, 52.1118, 52.5363, 44.0871,
        51.4135, 38.9660, 58.8592, 68.8216, 64.8175, 55.3857, 37.8517, 37.6733,
        36.0426, 51.5945, 41.2982, 35.0675, 54.9173, 41.3114, 57.4089, 47.4628,
        35.7329, 32.3750, 55.6027, 62.9963, 35.2948, 35.4849, 40.0137, 55.0874,
        51.4253, 47.7531, 30.9936, 32.4047])
tensor([35.8144, 40.4316, 47.7208, 30.6210, 57.8795, 43.8748, 44.3377, 40.6024,
        49.4266, 36.4781, 33.1847, 45.2308, 40.4759, 58.7932, 47.3787, 44.3408,
        54.6721, 57.9266, 59.8054, 39.9352, 61.4109, 46.5603, 36.3905, 51.4377,
        51.6019, 58.0669, 53.1754, 32.3648, 48.6916, 52.1118, 52.5363, 44.0871,
        51.4135, 38.9660, 53.1440, 51.7477, 46.7184, 45.7831, 37.8517, 37.6733,
        52.1823, 46.4126, 41.2982, 35.0675, 54.9173, 47.5684, 45.7928, 60.4806,
        60.6400, 42.1144, 50.2141, 62.9963, 47.3702, 56.8219, 42.2562, 55.0874,
        51.4253, 39.7879, 30.9936, 32.4047])
tensor([57.6867, 43.2455, 47.7208, 30.6210, 45.1418, 43.8748, 46.4799, 40.6024,
        49.4266, 50.9920, 33.1847, 61.9477, 40.4759, 58.7932, 47.3787, 44.3408,
        54.6721, 59.2720, 45.9965, 42.8915, 61.5784, 46.5603, 55.3934, 51.4377,
        51.6019, 58.0669, 53.1754, 32.3648, 48.6916, 52.1118, 42.5741, 40.9072,
        61.0546, 38.9660, 53.1440, 49.7302, 46.7184, 48.6902, 37.8517, 57.1906,
        52.4782, 43.3471, 52.6646, 53.8191, 41.8271, 65.5396, 48.4336, 60.4806,
        62.1634, 42.1144, 48.5324, 62.9963, 65.5933, 56.8219, 40.3655, 43.5525,
        39.9014, 39.7879, 30.9936, 32.4047])
tensor([67.6676, 43.2455, 56.4537, 34.6342, 56.9237, 43.8748, 46.4799, 40.6024,
        49.4266, 37.7627, 45.2686, 46.6134, 45.1593, 53.3477, 47.3787, 52.3102,
        49.1100, 59.2720, 45.9965, 53.8598, 69.8079, 46.5603, 55.3934, 51.4377,
        51.6019, 58.0669, 53.1754, 44.4460, 46.0519, 46.3663, 42.5741, 40.9072,
        61.0546, 38.9660, 56.3945, 60.1305, 51.2823, 48.6902, 62.3736, 66.3975,
        52.4782, 43.3471, 52.6646, 63.0285, 52.5230, 65.5396, 59.9157, 64.9818,
        62.1634, 38.6486, 59.5717, 62.9963, 65.5933, 56.8219, 40.3655, 43.5525,
        51.0010, 48.4390, 41.7798, 32.4047])
tensor([58.5594, 56.2290, 56.4537, 54.8417, 56.9237, 59.1816, 46.4799, 40.6024,
        50.7788, 37.7627, 70.2904, 68.6603, 45.1593, 53.3477, 43.0764, 52.3102,
        56.9642, 55.1985, 45.9965, 53.8598, 69.8079, 61.9723, 52.1833, 51.4377,
        51.6019, 49.6489, 51.2415, 44.4460, 46.0519, 46.3663, 42.5741, 54.1147,
        61.0546, 38.9660, 50.2268, 60.1305, 45.6660, 62.7389, 53.1639, 66.3975,
        52.4782, 44.7860, 49.0514, 63.0285, 59.6218, 68.2784, 59.9157, 57.3111,
        62.1634, 38.6486, 53.3574, 62.9963, 65.5933, 48.7442, 42.5676, 47.0501,
        57.9044, 48.4390, 41.7798, 54.2165])
tensor([58.5594, 56.2290, 56.4537, 53.2831, 58.0632, 59.1816, 46.4799, 40.6024,
        50.7788, 50.6245, 66.0795, 68.6603, 45.1593, 55.8883, 56.6959, 54.7180,
        56.9642, 63.7938, 45.9965, 55.5638, 64.0917, 58.4380, 52.1833, 45.5051,
        51.6019, 49.6489, 53.1062, 44.4460, 59.2402, 46.3663, 52.4213, 55.0708,
        60.7029, 43.2846, 50.2268, 61.8347, 59.9338, 62.7389, 53.1639, 61.1107,
        51.5549, 57.7521, 49.0514, 56.7680, 59.6218, 63.6604, 61.0407, 57.3111,
        62.1634, 38.6486, 53.3574, 44.8576, 65.5933, 48.7442, 55.4383, 47.0501,
        57.9044, 51.8237, 56.4327, 54.2165])
tensor([58.5594, 56.2290, 56.4537, 51.9983, 58.0632, 48.2722, 46.4799, 41.3089,
        50.7788, 48.2026, 62.7068, 55.0208, 45.1593, 86.1118, 56.6959, 54.7180,
        43.1284, 52.7028, 45.9965, 46.9381, 64.0917, 58.4380, 46.3524, 77.3409,
        51.2680, 43.9826, 53.1062, 52.8613, 59.2402, 37.6360, 52.4213, 46.0683,
        49.8174, 43.2846, 50.2268, 91.3884, 89.8840, 62.7389, 47.2583, 61.1107,
        51.5549, 57.7521, 49.0514, 45.3724, 46.0744, 63.6604, 61.0407, 49.3917,
        62.1634, 44.7450, 53.3574, 44.8576, 49.8493, 42.6450, 84.4007, 47.0501,
        57.9044, 44.7917, 56.4327, 45.3562])
tensor([58.5594, 56.2290, 30.4311, 51.9983, 58.0632, 83.8555, 29.6894, 77.3138,
        27.0138, 48.2026, 96.9460, 55.0208, 45.1593, 37.6176, 56.6959, 32.1342,
        34.9637, 88.4317, 45.9965, 46.9381, 84.2315, 58.4380, 46.3524, 77.3409,
        86.1468, 81.2878, 53.1062, 86.1804, 86.6968, 37.6360, 52.4213, 36.8170,
        88.7003, 26.2143, 50.2268, 91.3884, 89.8840, 62.7389, 47.2583, 82.5902,
        74.4004, 57.7521, 76.2376, 84.3814, 36.4813, 63.6604, 36.3100, 88.4071,
        78.1717, 81.6667, 53.3574, 27.7557, 49.8493, 42.6450, 84.4007, 47.0501,
        30.8332, 44.7917, 56.4327, 77.9695])
tensor([81.5900, 54.7831, 30.4311, 51.9983, 58.0632, 83.8555, 29.6894, 80.0175,
        27.0138, 58.8123, 96.9460, 65.2678, 57.2703, 37.6851, 56.6959, 62.4205,
        65.9164, 88.6863, 27.1022, 61.4323, 84.2315, 58.4380, 46.3524, 77.3409,
        64.1830, 81.2878, 53.6846, 86.1804, 66.1202, 37.6360, 52.4213, 36.8170,
        88.7003, 27.0631, 30.8714, 33.4173, 89.8840, 58.8787, 81.6923, 82.5902,
        77.2418, 57.7521, 78.5555, 86.1079, 36.4813, 63.6604, 36.3100, 88.5612,
        78.1717, 61.8974, 32.1772, 27.7557, 60.7006, 77.0871, 31.6006, 47.0501,
        30.8332, 44.7917, 56.4327, 59.3909])
tensor([76.5791, 51.2935, 30.4311, 51.9983, 50.9229, 83.8555, 49.6335, 75.8891,
        46.3474, 58.8123, 77.4290, 65.2678, 57.2703, 63.9050, 56.6959, 62.4205,
        60.1324, 88.6863, 52.7103, 61.4323, 84.2315, 58.4380, 72.2115, 44.6374,
        74.3134, 81.2878, 52.2948, 86.1804, 74.5299, 37.6360, 52.4213, 56.3754,
        78.2788, 27.0631, 57.5457, 61.3069, 52.7015, 58.8787, 81.6923, 82.5902,
        77.2418, 57.7521, 74.2361, 79.7312, 36.4813, 70.0567, 56.8424, 83.0134,
        70.2034, 61.8974, 58.6657, 48.2945, 60.7006, 73.4353, 31.6006, 47.0501,
        30.8332, 50.4212, 56.4327, 59.3909])
tensor([57.9464, 51.2935, 30.4311, 51.9983, 50.9229, 83.8555, 49.6335, 57.3981,
        46.3474, 58.8123, 77.4290, 65.2678, 41.2753, 92.1418, 56.6959, 62.4205,
        60.1324, 60.3895, 52.7103, 71.8255, 51.1187, 38.4992, 55.4056, 44.6374,
        48.3571, 52.4268, 52.2948, 43.5396, 49.0588, 60.9771, 52.4213, 76.2572,
        59.8920, 75.1145, 88.4962, 61.3069, 84.4263, 69.5734, 81.6923, 82.5902,
        77.2418, 57.7521, 74.2361, 59.2632, 36.4813, 45.5901, 56.8424, 83.0134,
        52.7440, 42.2209, 88.8219, 77.1596, 60.7006, 55.7032, 82.7476, 47.0501,
        64.7965, 50.4212, 37.7998, 59.3909])
tensor([90.6598, 44.2268, 30.4311, 51.9983, 62.8982, 83.8555, 49.6335, 57.3981,
        46.3474, 58.8123, 77.9783, 65.2678, 71.4326, 92.1418, 56.6959, 44.3713,
        60.1324, 60.3895, 64.2347, 48.6628, 51.1187, 69.0125, 55.4056, 59.0906,
        78.9706, 83.6544, 43.9694, 73.3326, 80.9264, 38.3082, 52.4213, 52.1519,
        59.8920, 62.1930, 88.4962, 61.3069, 84.4263, 46.1943, 81.0570, 78.0470,
        77.2418, 57.7521, 82.5725, 59.2632, 42.6380, 76.8770, 49.0438, 90.3592,
        52.7440, 42.2209, 88.8219, 63.1711, 60.7006, 86.0083, 82.7476, 54.8607,
        42.3222, 50.4212, 37.7998, 59.3909])
tensor([67.4718, 44.2268, 72.3893, 51.9983, 63.3423, 83.8555, 72.9535, 57.3981,
        46.3474, 56.0429, 72.9643, 62.0627, 71.4326, 92.1418, 56.6959, 44.3713,
        81.7021, 64.7345, 64.2347, 86.8143, 51.1187, 69.0125, 59.3711, 58.5307,
        78.9706, 60.3728, 80.6656, 73.3326, 80.9264, 77.4337, 52.4213, 89.2564,
        63.7810, 62.1930, 67.0916, 61.3069, 84.4263, 46.1943, 59.1337, 56.7772,
        48.5301, 57.7521, 82.5725, 61.3694, 42.6380, 72.0467, 49.0438, 90.3592,
        52.7440, 61.9679, 68.6568, 63.0317, 60.7006, 61.6807, 82.7476, 54.8607,
        82.1824, 50.4212, 58.7376, 55.5205])
tensor([67.4718, 65.2272, 72.3893, 51.9983, 55.0874, 61.5196, 72.9535, 57.3981,
        46.3474, 56.0429, 84.6592, 62.0627, 71.4326, 56.6416, 56.6959, 66.8407,
        71.3163, 90.4813, 64.2347, 75.2915, 51.1187, 71.0891, 85.0921, 51.2449,
        78.9706, 86.6975, 80.6656, 75.1761, 82.3171, 66.3114, 52.4213, 89.2564,
        89.6118, 49.9448, 58.8452, 61.3069, 84.4263, 68.4986, 86.3394, 56.7772,
        76.3504, 57.7521, 81.4493, 87.8932, 64.1515, 84.5504, 49.0438, 86.6105,
        52.7440, 61.9679, 68.6568, 54.0041, 60.7006, 61.6807, 82.7476, 44.9708,
        82.1824, 58.1661, 58.7376, 55.5205])
tensor([67.4718, 73.6455, 72.3893, 51.7301, 55.0874, 61.5196, 72.9535, 57.3981,
        46.3474, 56.0429, 78.6702, 64.9579, 71.4326, 56.6416, 53.3996, 74.6736,
        78.3022, 88.9435, 64.2347, 82.0358, 71.3307, 66.9851, 83.9896, 51.2449,
        78.9706, 84.7847, 80.6656, 72.3253, 82.3171, 73.4652, 51.6905, 89.2564,
        89.6118, 49.9448, 58.8452, 66.1727, 84.4263, 68.4986, 86.3394, 76.8799,
        75.0024, 53.4595, 81.4493, 85.7790, 64.1515, 78.4428, 73.0814, 85.1789,
        71.8690, 61.9679, 68.6568, 71.0014, 56.1261, 81.1632, 82.7476, 44.9708,
        82.1824, 58.1661, 61.7287, 58.9653])
tensor([ 67.4718,  73.6455,  41.1356,  51.7301,  59.8466,  61.5196,  72.9535,
         87.0989,  35.9522,  80.1479, 104.6921,  64.9579,  85.1409,  60.7790,
         53.3996,  52.8086,  55.9276, 104.8293,  64.2347,  58.0856,  71.3307,
         66.9851,  83.9896,  54.8416,  78.9706, 100.0202,  80.6656,  72.3253,
         97.9051,  51.0062,  51.6905,  89.2564,  89.6118,  52.9039,  58.8452,
         66.1727,  47.9290,  50.4082,  95.6568,  76.8799,  92.5443,  53.4595,
         81.4493,  85.7790,  64.1515,  78.4428,  53.5619,  85.1789,  92.3683,
         85.7367,  57.9032,  61.3436,  83.4140,  98.9042,  82.7476,  44.9708,
         82.1824,  43.5297,  87.0751,  58.9653])
tensor([ 67.4718,  79.7048,  77.4378,  58.1553,  59.8466,  61.5196,  69.4023,
         63.8365,  35.9522,  80.1479, 104.6921,  69.5797,  69.3808,  83.7731,
         64.8177,  52.8086,  55.9276,  78.2332,  64.2347,  58.0856,  60.1272,
         71.4166,  83.9896,  54.8416,  78.9706,  72.5779,  80.6656,  72.3253,
         78.7270,  51.0062,  51.6905,  80.6909,  89.6118,  74.5490,  58.8452,
         74.7685,  47.9290,  50.4082,  70.0558,  63.2257,  92.5443,  63.7684,
         81.4493,  70.0879,  75.7662,  78.4428,  53.5619,  85.1789,  67.4140,
         85.7367,  57.9032,  61.3436,  67.1107,  71.7243,  65.8640,  67.5320,
         82.1824,  76.9039,  72.5860,  62.9068])
tensor([81.5926, 79.7048, 58.7909, 58.1553, 59.8466, 67.7540, 69.4023, 83.8847,
        35.9522, 80.1479, 93.3592, 69.5797, 84.1961, 86.5833, 69.8259, 62.6173,
        63.8320, 78.2332, 67.9959, 58.0856, 81.4560, 85.9915, 83.9896, 54.8416,
        78.1324, 90.8896, 80.6656, 72.3253, 92.9146, 59.0124, 60.3165, 62.2253,
        89.6118, 74.5490, 58.8452, 80.0419, 47.9290, 60.3609, 90.5063, 63.2257,
        81.0138, 63.7684, 81.4493, 70.0879, 75.7662, 87.2281, 53.5619, 85.1789,
        87.4638, 77.6044, 79.5140, 81.5088, 82.1602, 71.7243, 70.5565, 67.5320,
        82.1824, 76.9039, 72.5860, 62.9068])
tensor([77.2796, 61.1687, 64.5246, 74.4054, 59.8466, 76.6449, 69.4023, 81.0557,
        48.2274, 74.2687, 93.3592, 69.5797, 84.1961, 93.9254, 69.8259, 62.6173,
        68.6863, 86.3580, 67.9959, 65.1282, 81.4560, 85.9915, 83.9896, 54.8416,
        86.9151, 90.8896, 80.6656, 72.3253, 92.9146, 63.5404, 60.3165, 62.2253,
        89.6118, 80.6431, 80.9070, 80.0419, 75.3662, 60.3609, 85.7489, 63.2257,
        81.0138, 71.3275, 67.1637, 79.4791, 75.7662, 87.2281, 53.5619, 76.3383,
        82.5021, 77.6044, 88.3649, 89.4243, 88.3914, 71.7243, 70.5565, 75.0701,
        52.3625, 58.8811, 86.6434, 62.9068])
tensor([77.2796, 82.5777, 64.5246, 64.2730, 59.8466, 64.4812, 69.4023, 81.0557,
        70.2090, 74.2687, 93.3592, 66.0753, 70.5500, 93.9254, 69.8259, 83.2366,
        90.1380, 88.7508, 67.9959, 65.1282, 81.4560, 71.6720, 71.7290, 54.8416,
        71.3056, 90.8896, 80.6656, 66.9773, 77.0575, 63.5404, 60.3165, 83.0313,
        89.6118, 83.3819, 80.9070, 86.2689, 75.3662, 81.4284, 88.0569, 63.2257,
        73.3232, 75.6476, 70.6920, 82.0350, 73.4964, 73.7826, 53.5619, 79.3825,
        82.5021, 65.0852, 88.3649, 89.4243, 73.0089, 71.7243, 70.5565, 80.1042,
        52.3625, 58.8811, 72.1890, 62.9068])
tensor([ 77.2796,  82.5777,  63.7627, 102.6509,  48.5600, 107.2835,  52.1066,
         81.0557,  70.2090, 100.4141, 117.8461, 110.4139, 114.0658,  59.9896,
         69.8259,  83.2366,  74.8257,  96.7132,  67.9959,  65.1282,  81.4560,
         71.6720,  71.7290,  46.0136,  71.3056,  90.8896,  49.5550, 107.9640,
         77.0575,  63.5404,  41.5365,  83.0313,  78.4058,  83.3819,  51.1752,
         56.7631,  75.3662,  81.4284,  88.0569,  75.8699,  73.3232,  47.2909,
         83.8823,  90.0009,  73.4964, 117.7652,  59.4191,  90.9410,  82.5021,
         65.0852,  88.3649,  89.4243, 114.4326,  71.7243,  44.6609,  80.1042,
         55.8871,  58.8811, 113.3503,  62.9068])
tensor([ 77.2796,  69.6489,  72.8040,  92.4133,  48.5600,  93.0072,  52.1066,
         74.7698,  60.3093, 100.4141, 117.8461, 110.4139, 114.0658,  59.9896,
         69.8259,  83.2366,  81.4220,  89.2513,  67.9959,  70.7473,  67.9519,
         71.6720,  71.7290,  46.0136,  95.4194,  73.8481,  49.5550,  96.3648,
         99.8333,  63.5404,  41.5365,  83.0313,  78.4058,  82.0862,  86.9545,
         56.7631,  74.2144,  81.4284,  83.0149,  75.8699,  73.3232,  47.2909,
         75.7165,  82.9954,  63.3455, 102.6844,  59.4191,  83.1876,  77.0956,
         65.0852,  88.3649,  89.4243, 114.4326,  71.3807,  80.9988,  77.7591,
         65.6193,  58.8811, 100.0471,  79.5720])
tensor([ 77.2796,  72.6884,  72.8040,  92.4133,  48.5600,  93.0072,  59.7610,
         74.7698,  64.3925, 100.4141,  88.7505, 110.4139,  84.2507,  76.6703,
         69.8259,  69.6257,  81.4220,  89.2513,  55.6562,  74.6703,  67.9519,
         79.2331,  71.7290,  63.1374,  95.4194, 107.9713,  49.5550,  88.5738,
         91.5032,  63.5404,  58.1477,  83.0313,  99.8677,  70.7934,  74.6404,
         73.5825,  74.2144,  67.9647,  83.0149,  75.8699,  99.1263,  64.4990,
         75.7165, 115.4909,  63.3455, 102.6844,  67.7390,  83.1876, 108.9728,
         65.0852,  66.4140,  89.4243,  85.4773, 105.5578,  80.9988,  67.7539,
         65.6193,  62.2723, 100.0471,  79.5720])
tensor([ 57.3384,  72.6884,  89.6524,  92.4133, 101.2295,  93.0072,  79.3645,
         62.4771,  83.5793,  49.6392,  88.7505, 110.4139,  84.2507,  76.6703,
         92.1586,  69.6257,  81.4220,  74.2484,  55.6562,  94.1228,  57.8596,
         79.2331,  55.8476,  63.1374,  95.4194, 107.9713,  74.4849,  88.5738,
         91.5032,  63.5404,  58.1477,  83.0313,  61.2454, 108.8201, 113.9215,
         73.5825,  99.2140,  87.6136,  83.0149,  75.8699,  59.3286, 104.0644,
         75.7165, 115.4909,  82.6381, 102.6844,  67.7390,  68.2307,  68.8153,
         52.3429, 108.5395,  89.4243,  62.1101, 105.5578,  80.9988, 108.6938,
         82.4508,  62.2723,  65.4200,  50.7549])
tensor([ 57.3384,  83.6306,  89.6524,  65.3315,  82.9729,  64.4060,  79.3645,
         62.4771,  82.0579,  49.6392,  71.4880, 110.4139,  84.2507,  76.6703,
         92.1586,  81.1996,  88.7394, 104.8657,  55.6562,  91.0821,  57.8596,
         66.2308,  55.8476,  82.0515,  66.5676,  93.9842,  74.4849,  88.5738,
         91.5032,  74.2414,  77.2068,  75.8469,  94.3911,  91.5558,  94.8552,
         73.5825,  81.3609,  85.8229,  83.0149,  75.8699,  92.9046,  86.1208,
         75.7165, 115.4909,  82.6381,  71.7660,  67.7390, 100.1855,  68.8153,
         52.3429,  89.6729,  89.4243,  74.5024, 105.5578,  80.9988, 108.6938,
         80.3394,  76.3784,  65.4200,  50.7549])
tensor([ 57.3384, 102.2018,  89.6524,  73.8653,  87.7407,  74.1465,  89.9982,
         70.8037,  99.9718,  49.6392,  71.4880,  67.1849,  84.2507,  90.3439,
         73.8838,  81.1996, 107.2334,  86.0505,  74.0934,  91.0821,  57.8596,
         66.2308,  55.8476,  82.0515,  66.5676,  93.9842,  88.1473,  77.3521,
         91.5032,  74.2414,  77.2068,  75.8469,  75.3071,  91.8503,  95.4226,
         73.5825,  85.0086,  85.8229,  83.0149,  58.7430,  72.7577,  86.1208,
         65.3986,  72.9422,  82.6381,  71.7660,  93.3711,  81.9147,  68.8153,
         68.2165,  89.6729,  89.4243,  74.5024,  66.8032,  80.9988, 108.6938,
         99.1902,  76.3784,  79.1180,  66.6822])
tensor([ 97.1609, 102.2018,  89.6524,  73.8653,  78.7278,  74.1465,  89.9982,
         70.8037,  99.9718,  49.6392,  71.4880,  67.1849,  86.1594,  90.3439,
         67.6103,  70.1144,  80.7524,  86.0505,  67.4355,  91.0821,  57.8596,
         66.2308,  55.8476,  70.3825,  89.2863,  93.9842,  62.4525,  94.8704,
         92.7575,  74.2414,  67.1444,  65.6386, 108.6637,  91.8503,  84.2831,
         73.5825,  85.0086,  72.3230, 101.1423,  58.7430, 107.2119,  86.1208,
        101.1077, 108.4820,  82.6381,  95.4687,  93.3711,  81.9147,  68.8153,
         87.0433,  89.6729,  63.7020,  74.5024,  66.8032,  64.9242,  70.9820,
         71.8267,  65.9380,  95.2941,  84.4388])
tensor([ 80.9015, 102.2018,  69.7344,  73.8653,  78.7278,  74.1465,  89.9982,
         82.9630,  99.9718,  49.6392,  71.4880,  67.1849,  93.0466,  90.3439,
         67.6103,  70.1144,  80.7524,  86.0505,  87.9036,  76.0553,  73.0526,
         66.2308,  73.4758,  70.3825,  89.2863,  93.9842,  69.5327,  99.8261,
         92.7575,  63.3366,  67.1444,  65.6386,  91.0415,  97.4557, 103.9427,
         91.0529,  91.6486,  78.0899, 101.1423,  72.3432,  88.6617,  87.9626,
         84.4785, 108.4820,  64.3394,  95.4687,  70.3115,  93.4541,  68.8153,
         91.4333,  94.6806,  63.7020,  74.5024,  66.8032,  64.9242,  93.9787,
         75.4942,  72.2770,  95.2941,  90.9139])
tensor([ 18.9327,  41.7152,  69.7344,  73.8653,  27.4159,  74.1465,  28.7663,
         27.2543,  22.5204,  49.6392,  71.4880,  67.1849,  93.0466,  21.1597,
         21.4001,  70.1144,  20.9833,  20.8544,  87.9036,  76.0553,  30.1666,
         66.2308,  73.4758,  70.3825,  36.7611,  93.9842,  69.5327,  27.9229,
         22.9567,  63.3366,  31.8752,  35.2339,  43.5585,  97.4557, 103.9427,
         91.0529,  27.3188,  78.0899,  26.3795,  20.7428,  88.6617,  20.6101,
         40.7191, 108.4820,  41.7550,  95.4687,  41.9979,  93.4541,  22.1896,
         22.1903,  94.6806,  27.2765,  74.5024,  66.8032,  32.2003,  21.4594,
         36.2455,  72.2770,  95.2941,  90.9139])
tensor([45.3795, 70.4256, 69.7344, 73.8653, 27.4159, 74.1465, 37.6838, 36.4681,
        22.5204, 49.6392, 71.4880, 34.9520, 93.0466, 43.7537, 45.8567, 70.1144,
        20.9833, 20.8544, 34.1290, 76.0553, 30.1666, 35.6023, 33.7894, 70.3825,
        41.3706, 93.9842, 41.2498, 35.1941, 45.8563, 34.4084, 31.8752, 39.5546,
        43.5585, 44.1328, 33.9800, 46.8832, 27.3188, 78.0899, 26.3795, 47.4398,
        88.6617, 44.6026, 67.9552, 34.4193, 71.5293, 41.6358, 69.0015, 34.7204,
        45.7035, 22.1903, 33.7591, 27.2765, 74.5024, 66.8032, 32.2003, 21.4594,
        42.6661, 72.2770, 95.2941, 90.9139])
tensor([45.3795, 70.4256, 33.0564, 73.8653, 27.4159, 45.8702, 36.7991, 36.4681,
        22.5204, 49.6392, 47.8641, 36.0079, 30.0052, 43.7537, 45.8567, 47.1755,
        34.8381, 20.8544, 48.7996, 42.7289, 30.1666, 35.6023, 33.7894, 53.6204,
        41.3706, 43.4837, 74.1399, 35.9452, 35.1808, 34.4084, 46.9280, 47.9412,
        78.5682, 44.1328, 33.9800, 79.9182, 27.3188, 32.5008, 35.1660, 47.4398,
        88.6617, 44.6026, 75.5491, 34.4193, 71.5293, 68.1081, 76.1137, 35.6501,
        45.7035, 33.0837, 33.7591, 27.2765, 74.5024, 32.2715, 32.2003, 33.5019,
        42.6661, 42.9969, 95.2941, 31.8744])
tensor([29.4360, 81.7669, 42.9387, 73.8653, 27.4159, 45.8702, 36.7991, 36.4681,
        22.5204, 49.6392, 78.8747, 36.0079, 26.8321, 43.7537, 28.7145, 47.1755,
        34.8381, 20.8544, 48.7996, 50.7161, 30.1666, 35.6023, 40.5560, 79.3870,
        41.3706, 50.0260, 74.1399, 35.9452, 35.1808, 49.9099, 51.4703, 51.6595,
        85.8730, 78.1380, 48.2822, 91.6036, 27.3188, 42.6007, 35.1660, 29.7416,
        88.6617, 28.4267, 85.0265, 34.4193, 84.3263, 79.3737, 87.5526, 35.6501,
        28.0140, 33.0837, 45.7777, 27.2765, 74.5024, 41.8825, 32.2003, 28.8833,
        51.8817, 42.9969, 43.1494, 31.8744])
tensor([ 31.6100,  81.7669,  42.9387,  26.3424,  27.4159,  45.8702,  36.7991,
         36.4681,  28.6636,  49.6392,  78.8747,  36.0079,  29.8823,  29.0709,
         31.2974,  47.1755,  34.8381,  27.9113,  48.7996,  50.7161,  30.1666,
         55.8451,  35.7943,  88.2299,  62.0281,  50.0260,  90.0172,  36.4103,
         35.1808,  49.9099,  67.0020,  67.1128,  93.8950,  90.1822,  48.2822,
        100.7256,  32.2505,  36.5442,  34.6503,  29.7416,  48.8631,  28.4267,
         93.1887,  34.4193,  84.3263,  79.3737,  97.3766,  35.9008,  28.0140,
         33.0837,  59.6776,  33.3226,  50.9389,  41.8825,  59.2501,  28.8833,
         51.8817,  62.2151,  43.1494,  31.8744])
tensor([31.7011, 88.0934, 45.4937, 26.3424, 41.1399, 74.2635, 36.7991, 41.8695,
        29.1135, 49.6392, 83.6000, 43.2430, 29.8823, 29.0709, 31.5438, 79.0198,
        29.2456, 28.9665, 63.9681, 50.7161, 30.1666, 55.8451, 47.2204, 88.2299,
        62.0281, 50.0260, 90.0172, 36.4103, 29.8042, 49.9099, 67.0020, 67.1128,
        90.1275, 90.1822, 48.2822, 95.5868, 32.2505, 47.9781, 46.9745, 29.7416,
        81.8189, 28.4267, 93.1887, 58.5896, 84.3263, 83.4243, 97.3766, 35.9008,
        28.0140, 33.0837, 63.0448, 46.3957, 50.9389, 44.9311, 63.1186, 29.4799,
        51.8817, 62.4099, 64.0723, 31.8744])
tensor([31.7011, 79.9339, 45.4937, 26.3424, 54.1811, 74.2635, 53.1853, 55.0412,
        29.1135, 49.6392, 82.9246, 43.2430, 32.1384, 31.8078, 35.0289, 79.0198,
        33.2241, 32.6248, 59.8387, 55.9319, 48.5242, 53.1612, 47.2204, 88.2299,
        59.2505, 56.8394, 84.1965, 54.3313, 29.8042, 59.0939, 61.3333, 60.7716,
        85.9768, 80.5890, 57.4584, 95.5868, 32.2505, 47.9781, 46.9745, 29.7416,
        78.2786, 32.0863, 82.1613, 58.5896, 82.3975, 76.6122, 84.9126, 35.9008,
        28.0140, 33.0837, 63.0448, 46.3957, 50.9389, 44.9311, 63.1186, 29.4799,
        51.8817, 62.4099, 64.0723, 31.8744])
tensor([31.7011, 91.7751, 42.6702, 32.9365, 42.7825, 74.2635, 53.1853, 55.0412,
        35.8059, 49.6392, 92.1774, 43.2430, 32.1384, 36.2174, 39.6822, 79.0198,
        33.2241, 32.6248, 59.8387, 64.3490, 39.7293, 53.1612, 47.2204, 88.2299,
        59.2505, 63.8538, 84.1965, 44.3535, 37.5870, 59.0939, 61.3333, 60.7716,
        95.9392, 90.9389, 64.6690, 95.5868, 39.3730, 45.1454, 43.2610, 29.7416,
        88.1308, 36.6850, 82.1613, 60.9888, 89.1691, 89.5181, 95.2295, 42.2440,
        28.0140, 34.4385, 63.7915, 46.3957, 80.9719, 44.9311, 63.1186, 29.4799,
        65.2740, 62.4099, 64.0723, 31.8744])
tensor([40.4053, 91.7751, 49.7869, 32.9365, 50.3795, 74.2635, 48.5050, 55.0412,
        40.2436, 49.6392, 84.1509, 43.2430, 38.8180, 41.0720, 39.6822, 79.0198,
        40.1144, 32.6248, 59.8387, 54.9324, 39.7293, 53.1612, 48.9937, 88.2299,
        55.3460, 63.8538, 86.9720, 51.0045, 37.5870, 57.0490, 54.9649, 58.3443,
        89.8054, 90.9389, 64.6690, 92.4818, 46.5124, 51.8364, 49.8002, 38.3119,
        88.1308, 36.6850, 82.1613, 60.9888, 89.1691, 82.1375, 88.0035, 48.0811,
        37.2587, 34.4385, 63.7915, 46.3957, 80.9719, 47.4935, 63.1186, 39.3819,
        65.2740, 62.4099, 53.1534, 31.8744])
tensor([40.4053, 58.3994, 69.8156, 32.9365, 71.1019, 74.2635, 69.3560, 55.0412,
        41.8139, 49.6392, 56.2686, 43.2430, 41.2567, 42.5506, 39.6822, 48.7003,
        40.1144, 39.8582, 51.7262, 54.9324, 65.4966, 50.0862, 68.1980, 88.2299,
        55.0373, 52.6435, 86.9720, 70.6497, 37.5870, 57.0490, 54.9649, 55.8854,
        62.4729, 90.9389, 52.9346, 59.6708, 66.6271, 72.8105, 49.8002, 39.8969,
        88.1308, 36.6850, 60.3839, 60.9888, 89.1691, 82.1375, 88.0035, 48.0811,
        37.2587, 34.4385, 63.7915, 46.3957, 80.9719, 67.3031, 49.3362, 41.1261,
        65.2740, 49.9433, 50.1846, 31.8744])
tensor([40.4053, 58.3994, 68.8337, 32.9365, 70.2426, 74.2635, 67.6634, 63.9332,
        35.3492, 27.1788, 47.8809, 43.2430, 41.2567, 36.0639, 39.6822, 41.7840,
        32.6801, 33.0179, 71.1825, 54.9324, 65.0506, 68.5513, 68.1980, 46.0037,
        74.7281, 52.6435, 48.8267, 70.6497, 37.5870, 57.0490, 54.9649, 75.7934,
        53.5969, 90.9389, 71.8932, 51.7106, 66.6271, 71.0408, 64.9886, 39.8969,
        88.1308, 36.6850, 60.3839, 60.9888, 89.1691, 82.1375, 88.0035, 65.7355,
        31.1811, 34.4385, 63.7915, 62.7980, 40.5947, 67.3031, 49.3362, 41.1261,
        72.5036, 49.9433, 71.1795, 60.0284])
tensor([34.8049, 58.3994, 69.3340, 32.9365, 71.1039, 44.6977, 69.5721, 64.9049,
        38.5381, 27.1788, 47.8809, 43.2430, 41.2567, 36.0639, 35.1297, 41.7840,
        32.6801, 35.7670, 65.1817, 54.9324, 65.0506, 64.2761, 68.1980, 49.3758,
        68.8648, 52.6435, 55.8289, 70.6497, 37.5870, 65.3869, 54.9649, 75.7934,
        61.2198, 90.9389, 67.1351, 60.6860, 65.1075, 71.4895, 64.9886, 33.3222,
        88.1308, 32.7624, 60.3839, 60.9888, 54.5391, 82.1375, 58.5851, 66.1876,
        33.7402, 34.4385, 62.9083, 63.4511, 40.5947, 67.3031, 59.7757, 41.1261,
        72.5036, 60.4826, 71.1795, 60.0284])
tensor([48.4755, 63.1145, 55.2645, 32.9365, 71.1039, 44.6977, 55.1334, 51.4156,
        38.5381, 27.1788, 63.8292, 43.2430, 46.7291, 51.0170, 35.1297, 57.8134,
        47.9431, 35.7670, 63.7382, 54.9324, 48.7271, 64.2761, 68.1980, 49.3758,
        66.0597, 52.6435, 63.7946, 52.7615, 45.6609, 65.3869, 58.6281, 75.7934,
        61.2198, 90.9389, 65.3068, 67.8253, 50.5280, 56.2814, 64.9886, 33.3222,
        88.1308, 32.7624, 60.3839, 57.7841, 58.1209, 82.1375, 58.5851, 66.1876,
        48.0233, 34.4385, 60.0187, 49.9552, 40.5947, 67.3031, 59.7757, 46.4308,
        58.7264, 59.3941, 61.2808, 60.0284])
tensor([48.4755, 63.1145, 64.1932, 32.9365, 62.3028, 44.6977, 55.1334, 60.8094,
        38.5381, 27.1788, 63.8292, 49.8781, 44.8877, 49.5940, 35.1297, 46.8366,
        46.0290, 35.7670, 79.0237, 69.3219, 57.3403, 64.2761, 55.3956, 47.1875,
        66.0597, 70.4474, 63.7946, 52.7615, 43.1251, 73.1324, 72.8258, 75.7934,
        61.2198, 90.9389, 79.4365, 67.8253, 50.5280, 56.2814, 55.5646, 41.4182,
        88.1308, 42.3428, 60.3839, 70.0997, 48.4683, 82.1375, 52.3732, 66.1876,
        48.0233, 34.4385, 74.7494, 49.9552, 44.3634, 53.2242, 59.7757, 44.4823,
        74.9864, 59.3941, 61.2808, 50.2763])
tensor([48.4755, 39.8415, 75.6436, 32.9365, 62.3028, 32.4505, 72.2079, 60.8094,
        38.5381, 27.1788, 63.8292, 62.9260, 44.8877, 49.5940, 42.4733, 39.6789,
        46.0290, 43.5669, 79.0237, 72.2726, 69.6757, 73.3916, 55.3956, 47.1875,
        81.6826, 75.3408, 63.7946, 52.7615, 43.9146, 73.1324, 72.8258, 75.7934,
        61.2198, 90.9389, 83.2780, 44.5471, 68.2604, 74.3074, 55.5646, 41.4182,
        36.3523, 43.9093, 60.3839, 70.0997, 48.4683, 40.5272, 42.8800, 66.6582,
        44.0895, 36.5778, 79.0993, 49.9552, 35.8725, 65.8184, 70.1294, 44.4823,
        74.9864, 75.2773, 61.2808, 50.2763])
tensor([44.9379, 69.6153, 75.6436, 32.9365, 60.2170, 32.4505, 62.2000, 60.8094,
        38.5381, 35.3292, 63.8292, 53.0058, 44.8877, 49.5940, 42.4733, 39.6789,
        46.0290, 47.8850, 64.4976, 58.4897, 59.5547, 73.3916, 54.7561, 47.1875,
        81.6826, 75.3408, 63.7946, 52.7615, 43.9146, 73.1324, 58.7605, 61.5583,
        71.8150, 90.9389, 83.2780, 74.4679, 68.2604, 63.2389, 55.5646, 43.5547,
        59.4805, 47.9341, 66.2037, 57.0960, 66.2009, 64.9215, 71.9933, 66.6582,
        47.8655, 36.5778, 64.2768, 49.9552, 64.6135, 65.8184, 56.9862, 46.1760,
        59.9478, 75.2773, 61.2808, 50.2763])
tensor([52.9015, 69.6153, 48.2808, 41.4549, 47.8197, 32.4505, 62.2000, 60.8094,
        38.5381, 43.6605, 78.6076, 42.6621, 51.2509, 56.2526, 42.4733, 79.3529,
        52.3513, 47.8850, 64.4976, 58.4637, 47.5325, 73.3916, 54.7561, 47.1875,
        81.6826, 75.3408, 63.7946, 43.5843, 53.4695, 54.4929, 58.7605, 61.5583,
        71.8150, 90.9389, 62.6416, 87.4931, 42.2300, 63.2389, 40.9909, 52.7404,
        59.4805, 47.9341, 66.2037, 55.5983, 79.4365, 64.9215, 85.1277, 44.2207,
        47.8655, 44.4516, 63.8342, 49.9552, 64.6135, 65.8184, 56.9862, 46.1760,
        58.2743, 55.7869, 53.1542, 50.2763])
tensor([66.1433, 36.8730, 48.2808, 50.9666, 47.8197, 28.0412, 62.2000, 60.8094,
        59.8111, 43.6605, 34.1741, 73.5292, 51.2509, 56.2526, 59.5545, 79.3529,
        63.9452, 64.8174, 64.4976, 58.4637, 47.5325, 68.4788, 69.1083, 47.1875,
        81.6826, 69.2669, 35.5170, 43.5843, 53.4695, 54.4929, 58.7605, 72.7435,
        71.8150, 90.9389, 78.5946, 87.4931, 73.0759, 78.5529, 70.2160, 52.7404,
        59.4805, 64.2700, 32.3195, 55.5983, 34.0379, 33.2045, 85.1277, 73.4081,
        47.8655, 44.4516, 79.5374, 49.9552, 64.6135, 68.2985, 68.8101, 62.6250,
        76.3036, 55.7869, 53.1542, 61.8470])
tensor([66.1433, 36.8730, 48.2808, 51.5822, 75.5017, 28.0412, 62.2000, 60.8094,
        59.8111, 50.0828, 56.8106, 73.5292, 51.2509, 62.4996, 59.7591, 54.5629,
        63.9452, 63.3172, 64.4976, 63.4002, 73.9626, 62.7355, 69.1083, 46.8249,
        81.6826, 69.2669, 56.8604, 43.5843, 60.5398, 54.4929, 60.1156, 65.3941,
        54.7704, 51.2238, 78.5946, 61.2395, 72.8270, 78.5529, 70.2160, 59.1024,
        46.4826, 63.1651, 32.3195, 62.1894, 34.0379, 55.8120, 59.6618, 73.4081,
        47.8655, 44.4516, 79.5374, 62.4341, 64.6135, 68.2985, 62.1408, 62.6250,
        76.3036, 61.9518, 60.3532, 61.8470])
tensor([66.1433, 36.8730, 48.2808, 54.5393, 75.5017, 78.9525, 62.2000, 34.9664,
        59.8111, 54.2193, 92.4600, 39.9046, 51.2509, 64.0248, 59.7591, 54.5629,
        60.6468, 64.1228, 64.4976, 66.3161, 73.9626, 62.7355, 37.6712, 83.8405,
        62.9875, 59.1965, 56.8604, 38.2707, 60.5398, 58.4117, 60.1156, 68.3393,
        92.7945, 51.2238, 78.5946, 99.3493, 41.5386, 78.5529, 37.7297, 59.1024,
        46.4826, 63.1651, 32.3195, 64.7702, 91.1955, 55.8120, 59.6618, 42.0543,
        47.8655, 50.6869, 79.5374, 62.4341, 80.1881, 36.2552, 64.2355, 62.6250,
        76.3036, 63.8713, 60.3532, 32.6182])
tensor([66.1433, 36.8730, 90.8878, 54.5393, 75.5017, 47.8095, 88.0949, 88.1271,
        31.1531, 54.2193, 56.2752, 39.9046, 51.2509, 38.7552, 59.7591, 50.4661,
        35.6897, 38.6686, 64.4976, 66.3161, 93.3091, 62.7355, 37.6712, 83.8405,
        91.0563, 88.4331, 56.8604, 88.5631, 34.5868, 58.4117, 60.1156, 94.1339,
        56.2422, 44.4187, 78.5946, 99.3493, 41.5386, 78.5529, 37.7297, 33.3580,
        43.8621, 63.1651, 48.6875, 90.3890, 53.7250, 55.8120, 55.8813, 91.5081,
        31.6345, 29.6566, 79.5374, 83.5808, 80.1881, 36.2552, 64.2355, 62.6250,
        90.2552, 63.8713, 60.3532, 83.5077])
tensor([62.0750, 78.5872, 90.8878, 54.5393, 75.5017, 47.8095, 88.0949, 69.0147,
        31.1531, 55.2195, 56.2752, 67.4203, 55.8750, 71.2596, 59.7591, 83.1262,
        67.0017, 69.8397, 47.5774, 53.0011, 93.3091, 62.7355, 37.6712, 83.8405,
        53.9014, 88.4331, 80.1666, 88.5631, 65.6384, 58.4117, 60.1156, 94.1339,
        56.2422, 76.2387, 53.5726, 90.5681, 41.5386, 68.3822, 68.3159, 33.3580,
        76.7272, 63.1651, 79.4536, 54.5326, 53.7250, 55.8120, 55.8813, 72.6289,
        31.6345, 58.0582, 53.6688, 83.5808, 76.4456, 63.8631, 52.0260, 62.6250,
        90.2552, 63.8713, 60.3532, 62.7550])
tensor([71.8207, 73.7346, 90.8878, 54.5393, 63.3701, 47.8095, 63.0577, 67.5191,
        65.5374, 55.2195, 75.6449, 67.4203, 55.8750, 81.6672, 59.7591, 83.1262,
        77.9745, 69.8397, 63.4331, 53.0011, 93.3091, 62.7355, 60.9732, 63.9733,
        70.5517, 88.4331, 74.5981, 88.5631, 77.5418, 58.4117, 60.1156, 70.5654,
        76.5276, 76.2387, 68.7693, 81.6907, 65.0656, 68.3822, 68.3159, 33.3580,
        76.7272, 63.1651, 73.0165, 71.4312, 53.7250, 67.9429, 76.4740, 72.1420,
        67.0842, 58.0582, 69.1964, 57.4068, 76.4456, 63.0689, 52.0260, 62.6250,
        90.2552, 63.5913, 60.3532, 62.7550])
tensor([49.2534, 73.7346, 90.8878, 54.5393, 63.3701, 47.8095, 63.0577, 83.8884,
        65.5374, 55.2195, 75.6449, 67.4203, 42.6771, 58.3912, 59.7591, 83.1262,
        77.9745, 53.4940, 63.4331, 75.7084, 80.2687, 68.0009, 78.3102, 63.9733,
        83.0094, 72.1712, 74.5981, 75.8230, 54.8191, 68.4934, 60.1156, 82.4911,
        84.9238, 73.9156, 81.1943, 81.6907, 82.3591, 79.8536, 68.3159, 33.3580,
        76.7272, 63.1651, 73.0165, 82.6221, 53.7250, 79.5523, 76.4740, 72.1420,
        46.7701, 44.5617, 80.8542, 75.0769, 76.4456, 79.3687, 75.1014, 62.6250,
        73.6577, 63.5913, 66.6433, 62.7550])
tensor([ 45.6021,  33.9732,  90.8878,  54.5393,  78.5255,  47.8095,  63.0577,
         83.8884,  65.5374,  55.2195,  34.1293,  67.4203,  40.7433,  58.3912,
         59.7591,  31.8363,  77.9745,  53.4940, 122.5560, 125.7026,  80.2687,
        116.9224,  78.3102,  26.5583, 131.8454, 123.0098,  34.2873,  77.6158,
         49.0663, 121.6833,  60.1156, 130.9086,  84.9238,  30.5504,  81.1943,
         81.6907,  82.3591,  80.6821,  74.4154,  38.8858,  76.7272,  63.1651,
         34.8555,  82.6221,  28.4557,  33.3429,  35.2974,  84.1037,  46.7701,
         44.5617,  80.8542,  75.9229,  76.4456,  79.7432,  75.1014,  36.7001,
        125.2556,  63.5913,  66.6433,  62.7550])
tensor([ 60.6877,  33.9732,  61.0074,  54.5393,  68.9027,  47.8095,  65.0406,
         83.8884,  65.5374,  44.8671,  96.0347,  62.4687,  40.7433,  58.3912,
         59.7591,  31.8363,  57.1410,  60.5277, 122.5560,  76.4413,  80.2687,
        116.9224,  67.5508,  85.6430, 131.8454,  72.7545,  95.6685,  77.6158,
         49.0663,  69.5445,  60.1156,  80.3706,  94.8769,  30.5504,  76.2976,
         81.6907,  82.3591,  80.6821,  67.4151,  54.1345,  82.6709,  63.1651,
         34.8555,  76.7054,  28.4557,  94.1414,  35.2974,  84.1037,  46.7701,
         51.4565,  76.9185,  66.7070,  76.4456,  69.8766,  75.1014,  36.7001,
         73.9803,  63.5913,  65.3308,  59.7485])
tensor([ 60.6877,  65.8457,  61.0074,  54.5393,  97.9072,  52.2773,  65.0406,
         83.8884,  65.5374,  44.8671,  71.5235,  62.4687,  40.7433,  64.1462,
         59.7591,  64.8297,  60.2355,  64.9370, 122.5560,  87.6112,  80.2687,
         78.5743,  93.9802,  62.8373, 131.8454,  86.8385,  95.6685,  91.5639,
         63.1584,  82.9277,  60.1156,  80.3706,  69.4625,  62.3426,  89.2688,
         81.6907,  82.3591,  94.8843,  93.9404,  54.1345,  58.8657,  63.1651,
         64.5801,  88.6928,  62.3349,  69.6212,  35.2974,  94.7033,  46.7701,
         51.4565,  76.9185,  94.3980,  76.4456,  69.8766,  75.1014,  51.0959,
         73.9803,  76.7116,  65.3308,  59.7485])
tensor([ 60.6877, 119.9600,  61.0074,  36.6862,  97.9072,  52.2773,  65.0406,
         83.8884,  65.5374,  44.8671, 124.7361,  54.5624,  40.7433,  64.1462,
         42.0135, 119.7537,  57.2775,  60.4590, 122.5560,  68.6430,  55.1852,
         59.4212,  62.7794,  62.8373, 131.8454,  64.7905,  95.6685,  62.5084,
         63.1584,  60.3870,  47.0673,  80.3706,  69.4625,  62.3426,  89.2688,
        119.9139,  82.3591,  94.8843,  93.9404,  50.7002, 114.3925,  40.6081,
         64.5801,  67.1817,  62.3349, 122.5819, 118.6857,  65.0599,  45.4283,
         51.4565,  76.9185,  60.0207, 103.6708,  59.8701,  75.1014,  51.0959,
         73.9803,  76.7116,  54.3626,  50.6086])
tensor([ 60.6877, 119.9600,  71.6927,  36.6862,  82.3053,  52.2773,  65.0406,
         75.7149,  63.0458,  60.8316,  84.3361,  54.5624,  67.9815,  80.6688,
         42.0135,  81.5260,  81.4604,  85.3050, 122.5560,  83.6828,  55.1852,
         59.4212,  62.7794,  75.8375, 131.8454,  82.3208,  95.6685,  62.5084,
         78.8393,  78.5994,  47.0673,  80.3706,  69.4625,  77.1125,  89.2688,
        119.9139,  73.9740,  79.7912,  80.8537,  50.7002,  74.7463,  40.6081,
         64.5801,  67.1817,  62.3349, 122.5819,  79.1628,  65.0599,  71.1199,
         66.4930,  78.1223,  83.4072,  66.7922,  82.4168,  75.1014,  51.0959,
         73.9803,  72.1523,  72.8328,  50.6086])
tensor([ 60.6877,  67.3444,  74.4365,  75.1413,  82.3053,  52.2773,  73.0453,
         77.6988,  63.0458,  60.8316,  84.3361,  76.2723,  90.2247, 100.7644,
         82.5661,  81.5260,  81.4604, 104.5629, 122.5560,  83.6828,  74.7541,
         69.6008,  62.7794,  75.8375, 131.8454,  77.8118,  95.6685,  62.5084,
         99.3878,  78.5994,  47.0673,  72.8569,  69.4625,  68.9294,  89.2688,
         65.0714,  73.9740,  79.7912,  83.1303,  90.6689,  74.7463,  81.2926,
         64.5801,  76.3605,  61.0744, 122.5819,  79.1628,  65.0599,  92.6571,
         66.4930,  78.1223,  83.4072,  59.1027,  84.2274,  62.3746,  84.4043,
         73.9803,  69.7709,  69.5106,  72.5619])
tensor([ 90.9907,  67.3444,  85.6741,  75.1413,  82.3053,  40.8476,  73.0453,
         87.5520,  63.0458,  60.8316,  58.6934,  76.2723,  90.7378, 101.6290,
         85.0904,  55.4861,  97.3638, 104.5629,  72.7565,  83.6828,  85.4174,
         81.8240,  62.7794,  75.8375,  80.1413,  89.4438,  95.6685,  62.5084,
         99.0081,  83.8056,  66.2913,  85.6338,  69.4625,  68.9294,  89.2688,
         55.7082,  73.9740,  87.0152,  90.5723,  90.6689,  50.2625,  81.2926,
         64.5801,  76.3605,  61.0744,  54.0055,  79.1628,  65.0599,  92.9590,
         84.1504,  83.1273,  88.0541,  48.9719,  84.2274,  76.4182,  84.4043,
         73.9803,  69.7709,  69.5106,  72.5619])
tensor([ 68.6571,  76.9461,  76.0837,  52.8911,  82.3053,  64.4448,  73.0453,
         77.1295,  57.9434,  54.8480,  58.6934,  76.2723,  90.7378,  77.7195,
         85.0904,  55.4861,  74.1813,  76.2782,  72.7565, 112.2551,  85.4174,
         81.8240,  62.7794,  75.8375, 108.5033,  89.4438,  95.6685,  62.5084,
         99.0081, 112.5565,  66.2913,  85.6338,  69.4625,  75.3981, 106.2352,
         55.7082,  66.8770,  87.0152,  79.3269,  90.6689,  50.2625,  57.9189,
         69.7003, 113.3338,  61.0744,  54.0055,  79.1628,  74.8240,  70.0588,
         84.1504, 111.5233,  78.3086,  72.3019,  84.2274,  76.4182,  61.8079,
        103.8462, 105.5320, 106.8524,  72.5619])
tensor([ 68.6571,  76.8512,  76.0837,  78.6980,  82.3053,  65.6967,  73.0453,
         77.1295,  84.6483,  54.8480,  58.6934,  65.0863,  89.1309,  77.7195,
         85.0904,  73.5363,  98.7806, 101.4253,  72.7565, 112.2551,  85.4174,
         93.6659,  64.0122,  75.8375,  96.8264,  89.4438,  95.6685,  66.1986,
         96.3299, 112.5565,  66.2913,  99.7712,  69.4625,  75.1575, 106.2352,
         73.7209,  66.8770,  69.2402,  77.3218,  90.6689,  67.3161,  84.6622,
         73.0804, 101.5724,  67.4690,  74.5581,  79.1628,  73.1247,  70.0588,
         84.2485, 111.5233,  78.3086,  72.7431,  84.2274,  76.4182,  87.1394,
        103.8462, 105.5320,  95.4421,  72.5619])
tensor([ 68.6571,  76.8512,  61.7132,  73.4183,  56.2457, 113.9060,  50.9588,
         77.1295,  84.6483,  67.6877, 122.2257,  58.3810,  80.2730,  89.7853,
         85.0904,  73.5363,  89.5955,  91.2984,  72.7565, 112.2551,  85.4174,
         93.6659,  64.0122, 110.7096,  96.8264,  89.4438, 112.3245,  62.0903,
         96.3299, 112.5565,  46.5361,  99.7712, 113.7775,  75.1575,  59.2824,
        127.4119,  66.8770,  69.2402,  77.3218,  75.2302,  67.3161,  76.2709,
        120.2699,  66.6351,  67.4690, 122.9953, 116.6357,  67.1769,  70.0588,
         84.2485, 111.5233,  78.3086, 121.6204,  84.2274,  54.3271,  87.1394,
         52.6521, 105.5320,  61.9761,  72.5619])
tensor([ 68.6571, 121.1850,  79.6662,  65.9468,  56.2457, 111.4413,  50.9588,
         74.3832,  64.8725,  67.6877, 122.2257,  58.3810,  80.2730,  89.7853,
         85.0904,  73.5363,  81.8240,  84.8388,  72.7565,  74.7114,  67.8949,
         93.6659,  64.0122, 110.7096,  74.4075,  74.7448, 112.3245,  80.0108,
         76.4292, 112.5565,  46.5361,  99.7712, 113.7775, 119.5288,  76.2081,
        127.4119,  67.3830,  69.2402,  81.0247,  75.2302,  67.3161,  76.2709,
        116.8804,  82.7477, 116.2285, 119.4236, 116.6357,  83.9008,  69.6082,
         84.2485, 111.5233,  78.3086, 121.6204,  70.4054,  70.8944,  65.7471,
         71.0297, 105.5320,  78.3560,  61.7540])
tensor([ 68.6571,  78.3208,  79.6662,  65.9468,  56.2457, 111.4413, 109.6172,
         74.3832,  52.8154,  67.6877,  76.1602,  58.3810,  54.7334,  62.2757,
         85.0904,  76.2505,  81.8240,  84.8388,  86.5105, 102.3647,  67.8949,
         97.4780,  64.0122,  62.7636,  74.4075, 105.7695, 112.3245, 120.0797,
         62.3204, 112.5565,  86.7962,  99.7712,  71.3041,  77.3601, 104.7235,
         77.4714,  67.3830, 115.4480,  81.0247,  75.2302,  70.5632,  49.3806,
        116.8804, 108.7710, 116.2285, 119.4236,  71.2199,  83.9008,  55.9402,
         84.2485,  96.8613,  78.3086,  73.9387, 116.7670,  70.8944,  53.7742,
         71.0297,  93.4095,  78.3560,  61.7540])
tensor([ 64.8284,  78.3208,  68.2902,  65.9468,  61.6480, 111.4413,  58.8817,
         65.8244,  70.6871,  59.6283,  76.1602,  58.3810,  54.7334,  62.2757,
         56.3918,  76.2505,  81.8240,  80.6715,  86.5105, 115.0475,  61.5628,
         97.4780,  58.6735,  62.7636,  74.4075, 105.7695,  95.2325, 120.0797,
         62.3204, 112.5565,  86.7962,  99.7712, 110.9604, 113.9679, 113.5347,
         77.4714,  60.3171,  63.8847,  81.0247,  75.2302, 107.1640,  67.7334,
        116.8804, 108.7710,  97.4739, 119.4236,  71.2199,  73.6206,  72.3616,
         61.3096, 109.9413,  78.3086, 111.0909, 116.7670,  70.8944,  71.3865,
        109.2725,  93.4095, 113.9159,  57.9441])
tensor([ 64.8284,  80.8425,  68.2902,  78.9402, 105.2425,  66.4831,  58.8817,
         65.8244,  89.6194,  59.6283,  78.6219,  58.3810,  54.7334,  62.2757,
         56.3918,  76.1177,  94.5293, 101.0175,  86.5105,  82.6191,  61.5628,
         75.9874,  58.6735,  68.6757,  77.9631,  81.4705,  95.2325, 120.0797,
         62.3204,  71.4368,  66.6721,  73.9237,  75.2804,  79.5961,  85.1365,
         77.4714, 101.9982, 109.6682,  81.0247,  75.2302,  74.0902,  89.0574,
        116.8804, 108.7710,  97.4739,  71.5037,  71.2199, 111.8887,  72.3616,
         61.3096,  81.8198,  78.3086,  75.6298, 116.7670,  70.8944,  71.3865,
         79.4721,  72.6788, 113.9159,  57.9441])
tensor([ 64.8284, 107.4045,  68.2902,  54.7211,  78.7225,  97.7774,  70.9210,
         76.7819,  63.8352,  59.6283,  78.6219,  69.5704,  54.7334,  63.8342,
         48.5358,  76.1177,  65.9958,  71.4735, 101.0107,  82.6191,  61.5628,
         75.9874,  58.6735,  68.6757,  77.9631,  81.4705,  98.1454,  77.8641,
         62.3204,  71.4368,  66.6721,  73.9237, 105.9513, 108.7358, 120.3074,
         77.4714,  76.5910, 109.6682,  81.0247,  51.8878, 103.1769,  89.0574,
         97.3397, 119.4406,  97.4739,  71.5037, 103.0839,  86.6369,  72.3616,
         53.9533,  81.8198,  78.3086,  75.6298,  73.3188,  70.8944,  71.3865,
        116.2792,  72.6788, 116.8792,  70.5639])
tensor([ 78.1503, 107.4045,  68.2902,  54.7211,  98.8679,  97.7774,  70.9210,
         76.7819,  63.8352,  59.6283,  78.6219,  69.5704,  76.5451,  63.8342,
         75.7779, 100.1696,  93.6689,  71.4735,  72.1266,  82.6191,  61.5628,
         75.9874,  58.6735,  91.9476,  81.7130,  81.4705,  94.5558,  97.5409,
         84.6253,  71.4368,  72.0449,  82.5359, 104.0165, 108.7358,  91.0781,
         77.4714,  76.5910,  95.9461,  91.6244,  51.8878, 100.8726,  89.0574,
         97.9432,  89.2067,  97.4739, 100.9221, 103.0839,  86.6369,  72.3616,
         78.6020,  81.8198,  83.8098,  75.6298,  73.3188,  73.5683,  82.1615,
         85.3555,  76.8607,  85.5148,  89.1911])
tensor([ 81.4319, 107.4045,  85.5404,  54.7211,  98.8679,  97.7774,  70.9210,
         89.8861,  63.8352,  59.6283,  78.6219,  69.5704,  80.7689,  63.8342,
         75.7779, 100.1696,  93.6689,  71.4735, 104.7628, 113.6439,  81.6945,
         75.9874,  78.6726,  91.9476,  81.7130,  81.4705,  81.4435,  93.7964,
         84.6253, 106.0195,  72.0449,  82.5359,  88.3525,  87.8758, 120.2750,
         84.7232,  86.9964,  93.1695,  91.6244,  73.4119,  85.2968,  76.8594,
         85.0760,  89.2067,  76.1732, 100.9221,  79.5469,  97.1815,  72.3616,
         80.2279, 110.1769,  83.8098,  75.6298,  73.3188,  73.5683,  83.7689,
        116.2451, 108.6244,  85.5148,  87.1306])
tensor([ 31.3264,  34.9998,  85.5404,  54.7211,  27.9947,  97.7774,  28.5314,
         30.6914,  30.4268,  59.6283,  78.6219,  69.5704,  80.7689,  28.0922,
         28.4502, 100.1696,  32.5390,  31.5754, 104.7628, 113.6439,  28.5993,
         75.9874,  78.6726,  91.9476,  30.8503,  81.4705,  81.4435,  30.4901,
         30.8309, 106.0195,  30.0560,  29.6361,  25.2644,  87.8758, 120.2750,
         84.7232,  30.7497,  93.1695,  24.3769,  29.9015,  85.2968,  28.1150,
         29.7550,  89.2067,  32.1899, 100.9221,  31.8284,  97.1815,  29.0082,
         24.4673, 110.1769,  32.0277,  75.6298,  73.3188,  23.1942,  24.3680,
         24.4248, 108.6244,  85.5148,  87.1306])
tensor([ 42.1007,  37.9790,  85.5404,  54.7211,  27.9947,  97.7774,  52.8993,
         40.8643,  30.4268,  59.6283,  78.6219,  30.6510,  80.7689,  36.6226,
         38.3006, 100.1696,  32.5390,  31.5754,  27.7393, 113.6439,  28.5993,
         30.1785,  39.2214,  91.9476,  55.5848,  81.4705,  33.8660,  54.3151,
         41.5778,  39.8078,  30.0560,  52.6227,  25.2644,  38.7060,  29.5204,
         51.9790,  30.7497,  93.1695,  24.3769,  55.1074,  85.2968,  54.6389,
         52.1916,  28.1590,  40.0473,  27.8355,  42.0539,  31.4161,  36.2185,
         24.4673,  32.7303,  32.0277,  75.6298,  73.3188,  23.1942,  24.3680,
         31.4901, 108.6244,  85.5148,  87.1306])
tensor([42.1007, 37.9790, 35.9260, 54.7211, 27.9947, 39.1125, 54.5568, 40.8643,
        30.4268, 59.6283, 40.8724, 44.5508, 34.1774, 36.6226, 38.3006, 41.2211,
        50.8626, 31.5754, 22.5637, 38.6158, 28.5993, 30.1785, 39.2214, 19.8659,
        55.5848, 22.0496, 42.2006, 56.1777, 44.6019, 39.8078, 41.3060, 54.1902,
        21.6416, 38.7060, 29.5204, 54.5909, 30.7497, 21.3190, 21.6660, 55.1074,
        85.2968, 54.6389, 53.9595, 28.1590, 40.0473, 21.9202, 45.6274, 43.5933,
        36.2185, 21.8379, 32.7303, 32.0277, 75.6298, 21.2325, 23.1942, 21.2423,
        31.4901, 20.7599, 85.5148, 51.9605])
tensor([32.0449, 45.5780, 44.5637, 54.7211, 27.9947, 39.1125, 54.5568, 40.8643,
        30.4268, 59.6283, 30.9414, 44.5508, 45.2995, 36.6226, 46.4371, 41.2211,
        50.8626, 31.5754, 22.5637, 29.2889, 28.5993, 30.1785, 31.0844, 41.0642,
        55.5848, 41.1721, 42.2006, 56.1777, 44.6019, 32.2715, 46.0675, 45.3452,
        41.6203, 30.9143, 40.5872, 45.0567, 30.7497, 41.2673, 21.6660, 43.4769,
        85.2968, 44.0464, 45.1287, 28.1590, 30.8845, 42.6600, 34.2092, 43.5933,
        46.1409, 21.8379, 46.6645, 32.0277, 75.6298, 40.6737, 23.1942, 41.8045,
        39.9237, 20.7599, 42.2937, 51.9605])
tensor([38.2718, 45.5780, 44.5637, 30.5134, 27.9947, 39.1125, 54.5568, 40.8643,
        32.2032, 59.6283, 30.9414, 44.5508, 44.6616, 43.1062, 45.1270, 41.2211,
        50.8626, 38.2207, 22.5637, 29.2889, 28.5993, 41.0662, 36.2253, 46.4112,
        40.1842, 41.1721, 43.2012, 40.1974, 44.6019, 32.2715, 44.9968, 43.5300,
        46.8787, 37.8961, 40.5872, 43.6938, 37.7802, 47.4190, 43.4876, 43.4769,
        35.2822, 44.0464, 42.8657, 28.1590, 30.8845, 42.6600, 39.4700, 42.6512,
        46.1409, 21.8379, 45.4297, 34.9895, 41.6817, 40.6737, 41.1512, 41.8045,
        39.9237, 43.6121, 42.2937, 51.9605])
tensor([41.7055, 51.8314, 50.9319, 30.5134, 46.7545, 35.4921, 54.5568, 35.2816,
        37.4521, 59.6283, 38.6417, 53.5493, 44.6616, 43.1062, 53.2247, 51.6373,
        41.0607, 45.4175, 35.9702, 29.2889, 28.5993, 41.0662, 39.9388, 46.4112,
        40.1842, 41.1721, 43.2012, 40.1974, 36.8334, 32.2715, 44.9968, 43.5300,
        38.8686, 37.8961, 40.5872, 50.6390, 37.7802, 39.0483, 36.1026, 43.4769,
        44.4312, 44.0464, 42.8657, 33.7358, 30.8845, 36.4077, 39.4700, 42.6512,
        46.1409, 21.8379, 55.0662, 39.8566, 41.6817, 36.3544, 35.1722, 36.7527,
        39.9237, 36.0852, 44.7316, 51.9605])
tensor([41.7055, 44.5399, 50.9319, 30.5134, 41.9119, 35.4921, 37.4888, 42.9325,
        37.4521, 59.6283, 43.9036, 53.5493, 45.0282, 43.4391, 46.2283, 51.6373,
        38.8928, 40.7687, 48.8625, 38.5932, 37.2471, 41.6877, 39.9388, 46.4112,
        42.4202, 47.8052, 43.6441, 41.7224, 36.8334, 41.8339, 45.8566, 42.2211,
        51.9431, 44.9827, 47.9927, 50.6390, 37.7802, 39.0483, 36.1026, 43.4769,
        40.6927, 40.4845, 42.0700, 33.7358, 40.8960, 49.6198, 46.3730, 42.6512,
        46.1409, 21.8379, 55.0662, 39.8566, 41.6817, 36.3544, 35.1722, 36.7527,
        39.9237, 36.0852, 44.7316, 51.9605])
tensor([41.7055, 46.6768, 45.8001, 46.2878, 44.7042, 35.4921, 37.4888, 42.9325,
        48.0873, 59.6283, 51.7749, 53.5493, 45.0282, 46.3712, 48.7175, 51.6373,
        38.8928, 40.7687, 48.8625, 47.9857, 61.0601, 41.6877, 39.9388, 46.4112,
        42.4202, 29.3016, 43.6441, 65.0746, 50.3068, 41.8339, 45.8566, 42.2211,
        32.8200, 52.1019, 28.9168, 50.6390, 61.5641, 30.3961, 28.6001, 43.4769,
        63.3843, 64.1609, 42.0700, 27.8016, 48.8978, 30.4962, 54.6107, 45.6530,
        46.1409, 26.9521, 48.8985, 39.8566, 42.9387, 36.3544, 35.1722, 36.7527,
        27.6278, 36.0852, 44.7316, 51.9605])
tensor([50.3395, 46.6768, 53.7516, 46.2878, 53.0659, 35.4921, 45.4218, 42.9325,
        46.2923, 59.6283, 50.3983, 53.5493, 53.9193, 55.0041, 48.7175, 51.6373,
        45.2615, 40.7687, 48.8625, 46.3025, 61.0601, 41.6877, 46.9479, 46.4112,
        48.1822, 29.3016, 53.2162, 49.9643, 50.3068, 46.9002, 54.7122, 49.3118,
        48.0427, 52.1019, 28.9168, 48.5086, 46.0674, 45.5140, 43.7955, 44.6461,
        63.3843, 64.1609, 42.0700, 27.8016, 48.8978, 46.0993, 53.2322, 53.1610,
        51.5272, 26.9521, 48.8985, 39.8566, 42.9387, 41.5420, 35.1722, 41.6216,
        27.6278, 36.0852, 45.4571, 51.9605])
tensor([50.3395, 49.0337, 50.4905, 46.2878, 49.6480, 35.4921, 62.6376, 42.9325,
        53.9116, 59.6283, 58.1180, 53.5493, 50.8089, 51.6603, 48.7175, 45.0761,
        45.2615, 61.5005, 31.8445, 46.3025, 59.9273, 47.3062, 52.9460, 46.4112,
        65.4672, 34.1380, 53.2162, 68.7883, 50.3068, 46.9002, 54.7122, 66.8637,
        38.6326, 52.1019, 33.4179, 65.2555, 63.5606, 36.1351, 43.7955, 60.9846,
        63.3843, 64.1609, 61.1382, 27.8016, 48.8978, 46.0993, 53.2322, 53.1610,
        51.5272, 26.9521, 48.8985, 39.8566, 42.9387, 33.0086, 30.6475, 32.6828,
        27.6278, 31.2521, 62.2382, 51.9605])
tensor([50.3395, 49.0337, 50.1545, 46.2878, 48.7453, 35.4921, 71.2588, 33.6899,
        37.5766, 30.8139, 40.4640, 53.5493, 50.8089, 51.5512, 48.7175, 43.9739,
        67.3663, 69.7824, 46.2978, 46.3025, 67.1976, 46.6309, 52.9460, 44.2831,
        72.9109, 34.1380, 46.4768, 68.7883, 50.3068, 46.9002, 54.7122, 74.6511,
        55.5551, 52.1019, 49.0387, 72.6533, 63.5606, 52.4323, 47.9681, 60.9846,
        63.3843, 64.1609, 61.1382, 27.8016, 48.8978, 46.0993, 53.2322, 49.1035,
        43.9296, 26.9521, 48.8985, 33.3999, 42.6755, 33.0086, 30.6475, 32.6828,
        44.9302, 31.2521, 70.2868, 62.1469])
tensor([39.3890, 49.0337, 69.9946, 46.2878, 68.2088, 34.6071, 62.3617, 37.8284,
        41.0973, 30.8139, 40.4640, 53.5493, 50.8089, 51.5512, 64.7752, 43.9739,
        67.3663, 61.6802, 44.5231, 46.3025, 67.1976, 66.3553, 52.9460, 42.6310,
        64.3289, 34.1380, 66.0891, 68.7883, 50.3068, 36.4483, 54.7122, 74.6511,
        52.5089, 52.1019, 46.4600, 63.9803, 58.5489, 49.9498, 47.9681, 57.9159,
        63.3843, 58.4005, 61.1382, 27.8016, 37.1331, 46.0993, 43.2489, 67.6395,
        63.3383, 26.9521, 65.3521, 37.0555, 42.6755, 33.0086, 40.7622, 32.6828,
        44.9302, 41.9388, 70.2868, 62.1469])
tensor([68.4168, 50.7261, 55.8745, 46.2878, 68.2088, 34.6071, 62.9487, 68.1105,
        41.0973, 30.8139, 71.2327, 53.5493, 52.1152, 54.4662, 64.7752, 48.7093,
        57.9369, 61.6802, 39.5300, 46.3025, 57.2347, 66.3553, 52.9460, 42.6310,
        65.8521, 34.1380, 53.3169, 64.2136, 60.9625, 36.4483, 49.6546, 74.6511,
        52.5089, 52.1019, 41.3841, 66.0488, 61.2643, 44.1386, 47.9681, 57.9159,
        63.3843, 58.4005, 61.1382, 32.9216, 64.8420, 46.0993, 43.2489, 67.6395,
        51.1220, 26.9521, 52.3097, 66.9933, 42.6755, 33.0086, 40.7622, 35.3622,
        35.7707, 37.7619, 59.5705, 62.1469])
tensor([68.4168, 50.7261, 74.4676, 46.2878, 70.1331, 34.6071, 62.9487, 55.9092,
        41.0973, 30.8139, 71.2327, 63.4910, 69.8652, 72.0280, 64.7752, 65.8072,
        55.6641, 61.6802, 46.8758, 47.1027, 54.3062, 66.3553, 49.9222, 42.1624,
        65.8521, 43.0503, 53.3169, 64.2136, 50.1083, 49.7746, 66.8341, 74.6511,
        52.5089, 52.1019, 49.7024, 66.0488, 61.2643, 44.1386, 43.2065, 53.5043,
        63.3843, 53.1853, 61.1382, 41.0584, 54.9554, 46.0993, 58.9252, 67.6395,
        51.1220, 26.9521, 70.7110, 66.9933, 61.2158, 39.9142, 40.7622, 43.8819,
        43.7635, 37.7619, 59.5705, 48.1265])
tensor([68.4168, 64.4918, 73.7990, 46.2878, 70.1331, 43.5712, 45.5840, 55.9092,
        41.0973, 30.8139, 71.2327, 62.1691, 69.8652, 72.0280, 64.0687, 66.3337,
        55.6641, 43.4331, 46.8758, 47.0231, 44.3695, 64.2744, 49.9222, 42.1624,
        47.2137, 64.4567, 53.3169, 64.2136, 49.7804, 49.7746, 66.8341, 74.6511,
        52.5089, 52.1019, 72.2097, 47.7504, 43.6320, 69.7378, 43.2065, 53.5043,
        37.1740, 44.3891, 61.1382, 41.0584, 54.9554, 63.0211, 57.6949, 65.4906,
        64.5124, 53.6290, 70.9531, 66.9933, 60.5493, 60.8683, 57.6482, 43.8819,
        43.7635, 63.4067, 59.5705, 48.1265])
tensor([47.4825, 73.6295, 73.7990, 46.2878, 74.8612, 43.5712, 69.4154, 55.9092,
        41.0973, 35.9251, 71.2327, 72.0647, 69.8652, 72.0280, 64.0687, 66.3337,
        55.6641, 66.5293, 52.9214, 48.2117, 66.2523, 64.2744, 44.3666, 42.1624,
        47.2137, 64.4567, 53.3169, 64.2136, 49.7804, 49.7746, 72.5468, 64.7389,
        54.9934, 52.1019, 72.2097, 69.9443, 43.6320, 57.8081, 43.2065, 61.9597,
        56.5531, 66.2493, 55.3459, 47.1833, 49.1115, 51.3296, 56.5870, 65.4906,
        74.2569, 53.6290, 79.9802, 66.9933, 70.4886, 60.8683, 47.6899, 50.8730,
        50.7527, 63.4067, 59.5705, 48.1265])
tensor([ 68.3407,  73.6295,  49.1482,  49.8408,  46.7496,  43.5712,  69.4154,
         55.9092,  41.0973,  54.7075,  66.6185,  45.3614,  45.2176,  47.5072,
         64.0687,  45.3103,  87.4475,  66.5293,  52.9214,  66.9961,  95.0498,
         64.2744,  44.3666,  42.1624,  47.2137,  64.4567,  53.3169,  92.5697,
         65.1395,  60.2245,  72.5468,  64.7389,  54.9934,  52.1019,  49.4826,
        100.6372,  92.2039,  57.8081,  40.2492,  91.2606,  56.5531,  66.2493,
         55.3459,  43.9618,  69.2486,  51.3296,  76.9904,  45.6049,  74.2569,
         36.2652,  49.5478,  66.9933,  70.4886,  60.8683,  47.6899,  50.8730,
         47.4280,  43.1880,  86.6210,  48.1265])
tensor([ 87.7694,  62.4146,  49.1482,  66.6751,  46.7496,  71.9404,  69.4154,
         55.9092,  75.0894,  54.7075,  87.3259,  64.8792,  45.2176,  47.5072,
         57.9996,  45.3103,  65.8910,  67.4061,  52.9214,  66.9961,  95.0498,
         58.3719,  78.5522,  42.1624,  47.2137,  41.2783,  57.6313,  92.5697,
         65.1395,  60.2245,  72.5468,  67.4678,  54.9934,  52.1019,  49.8977,
        100.6372,  69.0419,  47.7684,  42.7142,  91.2606,  56.5531,  66.7184,
         57.5960,  43.9618,  88.5129,  43.1493,  76.9904,  63.7552,  74.2569,
         36.2652,  70.2091,  66.9933,  70.4886,  38.8021,  39.7127,  42.2660,
         47.4086,  43.1880,  86.6210,  55.1175])
tensor([87.7694, 62.4146, 49.1482, 48.8641, 66.5981, 71.9404, 69.4154, 55.9092,
        75.0894, 49.8897, 65.5598, 64.8792, 45.2176, 67.7316, 65.4256, 64.1826,
        65.8910, 64.4183, 52.9214, 61.5925, 61.8390, 63.6679, 78.5522, 64.1492,
        47.2137, 41.2783, 64.5704, 92.5697, 58.0068, 60.2245, 61.8613, 64.0844,
        74.0344, 48.1056, 49.8977, 66.5862, 64.4503, 47.7684, 42.7142, 60.4714,
        52.9912, 64.6373, 57.5960, 70.4290, 88.5129, 76.3077, 69.9821, 63.7552,
        74.2569, 36.2652, 70.2091, 51.7984, 70.4886, 38.8021, 70.0224, 42.2660,
        47.4086, 71.5819, 55.4387, 55.1175])
tensor([87.7694, 62.4146, 49.1482, 78.3388, 66.5981, 77.6334, 69.4154, 80.4588,
        75.0894, 77.8172, 95.3539, 58.7369, 45.2176, 61.1266, 65.4256, 64.1826,
        87.4205, 94.6644, 52.9214, 88.7500, 61.8390, 63.6679, 81.4416, 35.8985,
        86.1822, 38.3736, 64.5704, 87.3660, 58.0068, 79.6075, 61.8613, 94.9465,
        43.1032, 48.1056, 49.8977, 98.0974, 96.6141, 47.7684, 39.0866, 60.4714,
        52.9912, 64.6373, 57.5960, 41.6188, 91.5042, 76.3077, 69.9821, 58.3634,
        74.2569, 31.5422, 70.2091, 51.7984, 47.9491, 36.9116, 41.0309, 42.2660,
        47.4086, 41.3351, 55.4387, 76.5236])
tensor([87.7694, 62.4146, 44.6030, 78.3388, 66.5981, 70.9658, 74.8305, 71.9349,
        67.4663, 77.8172, 85.8000, 58.7369, 45.2176, 53.6799, 65.4256, 46.5057,
        78.1053, 83.0627, 52.9214, 88.7500, 76.3728, 63.6679, 81.4416, 35.8985,
        76.2729, 71.5193, 64.5704, 76.4961, 75.7843, 79.6075, 61.8613, 83.5380,
        78.0009, 65.1921, 49.8977, 98.0974, 96.6141, 47.7684, 39.0866, 74.5908,
        69.0948, 64.6373, 66.2184, 74.4449, 83.1608, 76.3077, 86.5287, 50.5699,
        40.5222, 63.1617, 70.2091, 70.0206, 47.9491, 36.9116, 41.0309, 42.2660,
        71.1961, 41.3351, 55.4387, 68.8526])
tensor([ 90.7002,  38.7774,  44.6030,  78.3388,  66.5981,  70.9658,  74.8305,
         89.5049,  67.4663,  81.3052,  85.8000,  46.2995,  36.5622,  52.4052,
         65.4256,  46.8316, 108.3637, 114.9334,  30.3182,  90.3725,  76.3728,
         63.6679,  81.4416,  35.8985, 109.9366,  71.5193,  40.6736,  76.4961,
         92.7663,  79.6075,  61.8613,  83.5380,  78.0009,  83.2766,  37.4854,
        115.5638,  96.6141,  35.2968,  36.0850,  74.5908, 100.9834,  64.6373,
        100.8880,  42.5953,  83.1608,  76.3077,  86.5287,  51.0578,  40.5222,
         34.5324,  44.3602,  70.0206,  38.8251,  34.6102,  37.3873,  42.2660,
         71.1961,  41.3351,  55.4387, 101.4944])
tensor([ 44.8398, 103.7911,  44.6030,  78.3388, 101.3407,  70.9658,  50.8125,
         44.0810,  37.8650,  81.3052,  49.9560,  46.2995,  36.5622, 113.1014,
         65.4256,  46.8316,  58.8778, 114.9334,  65.8143,  90.3725,  76.3728,
         63.6679,  40.5164,  62.7892,  54.9150,  71.5193, 107.5630,  76.4961,
         45.3175,  79.6075,  61.8613,  59.7615,  74.5172,  83.2766,  72.9552,
         58.1356,  53.8594,  35.2968,  36.0850,  74.5908, 100.9834,  64.6373,
         50.8443,  75.4546,  83.1608,  67.1674,  52.0055, 111.3899, 101.2897,
         34.5324, 112.0337,  38.9730,  38.8251,  68.7524,  37.3873,  42.2660,
         71.1961,  69.4139,  55.4387, 101.4944])
tensor([ 79.4810, 103.7911,  44.6030,  78.3388, 101.3407,  70.9658,  50.8125,
         79.0671,  37.8650,  81.3052,  49.9560,  46.2995,  72.5342,  88.1353,
         65.4256,  46.8316,  58.8778,  73.8829,  65.8143,  74.4015,  64.7736,
         69.1504,  73.6736,  62.7892,  76.0648,  67.7134, 107.5630,  66.4501,
         80.0049,  63.4521,  61.8613,  78.7463,  77.4839,  68.5566,  75.4060,
         58.1356,  75.0054,  68.8887,  36.0850,  74.5908, 100.9834,  64.6373,
         50.8443,  77.8759,  83.1608,  69.4747,  52.0055, 111.3899,  75.4811,
         64.1123,  85.4526,  73.2798,  38.8251,  71.0365,  70.0053,  42.2660,
         66.8079,  69.4139,  58.8113, 101.4944])
tensor([ 90.0277,  54.8070,  44.6030,  78.3388,  50.9034,  70.9658,  50.8125,
         79.0671,  37.8650,  81.3052,  90.9305,  46.2995,  55.0027,  88.1353,
         65.4256,  57.5669,  58.8778,  73.8829,  74.4031,  86.0156,  64.7736,
         51.7456,  73.6736,  73.0080,  83.8030,  79.5117,  55.5063,  75.4584,
         90.1943,  76.5827,  61.8613,  86.4588,  77.4839,  79.8699,  75.4060,
         58.1356,  75.0054,  82.4606,  75.1505,  68.6271, 100.9834,  64.6373,
         71.9497,  77.8759,  83.0749,  81.7930,  91.7195,  62.9646,  75.4811,
         64.1123,  85.4526,  84.1443,  38.8251,  81.7548,  70.0053,  67.4385,
         78.9797,  69.4139,  58.8113, 101.4944])
tensor([95.8016, 54.8070, 65.1025, 78.3388, 70.2483, 70.9658, 64.6779, 79.0671,
        37.8650, 73.2049, 97.5056, 69.4244, 55.0027, 88.1353, 65.4256, 57.5669,
        70.6362, 75.0913, 74.4031, 92.4968, 64.7736, 51.7456, 84.2145, 68.7276,
        83.8030, 75.1958, 73.9296, 75.4584, 90.1943, 83.4461, 61.8613, 82.0511,
        78.6421, 79.8699, 76.6848, 58.1356, 75.0054, 82.4606, 71.9929, 66.6484,
        60.5093, 64.6373, 71.9497, 77.5415, 83.0749, 76.8829, 91.7195, 62.9646,
        75.4811, 67.5324, 78.8545, 91.0521, 38.8251, 76.6396, 70.0053, 67.4385,
        74.2035, 69.4139, 61.3158, 59.2093])
tensor([95.8016, 63.2254, 65.1025, 78.3388, 65.9108, 60.1860, 64.6779, 79.0671,
        37.8650, 73.2049, 83.1501, 69.4244, 55.0027, 71.3843, 65.4256, 65.4190,
        92.7113, 96.4643, 74.4031, 81.0461, 64.7736, 60.0760, 71.2111, 80.2172,
        83.8030, 86.0648, 73.9296, 88.2390, 78.1160, 71.2603, 61.8613, 82.0511,
        89.5030, 68.7142, 88.4373, 58.1356, 75.0054, 83.6429, 83.4746, 66.6484,
        82.8246, 64.6373, 84.2829, 88.8030, 73.1682, 87.3508, 91.7195, 71.3540,
        75.4811, 67.5324, 78.8545, 76.4479, 38.8251, 76.6396, 70.0053, 70.9230,
        74.2035, 73.4942, 61.3158, 59.2093])
tensor([95.8016, 74.5780, 65.1025, 64.7323, 65.9108, 60.1860, 64.6779, 79.0671,
        37.8650, 73.2049, 99.2744, 70.3084, 55.0027, 71.3843, 58.2664, 74.5410,
        82.6104, 86.5477, 74.4031, 94.2774, 68.8074, 70.5880, 88.0122, 80.2172,
        83.8030, 87.3404, 73.9296, 78.5845, 78.1160, 86.2055, 57.2379, 82.0511,
        89.5030, 68.7142, 88.4373, 74.7975, 75.0054, 83.6429, 83.4746, 74.1994,
        74.4705, 65.3532, 84.2829, 89.7735, 73.1682, 87.8040, 91.3585, 80.0348,
        65.3917, 67.5324, 78.8545, 92.8710, 58.5845, 81.7840, 70.0053, 70.9230,
        74.2035, 73.4942, 69.7650, 67.2485])
tensor([ 95.8016,  74.5780,  85.9535,  64.7323,  93.3846,  60.1860,  64.6779,
         70.8761,  64.2943,  65.0372,  89.8729,  70.3084,  87.1168,  97.6035,
         58.2664,  96.5722, 113.8237, 118.5625,  74.4031,  86.8848,  68.8074,
         70.5880,  88.0122,  36.9068,  83.8030,  44.6888,  73.9296,  78.5845,
         81.1969,  78.0905,  57.2379,  82.0511,  89.5030,  73.7788,  88.4373,
         74.7975, 104.0060,  40.0649,  40.4828,  74.1994, 105.6711,  65.3532,
         84.2829,  89.7735,  73.1682,  87.8040,  85.9379,  80.0348,  88.9363,
         33.6563,  95.9601,  81.8333,  83.6471,  42.8410,  70.0053,  70.9230,
         74.2035,  33.8958, 104.7805,  67.2485])
tensor([ 95.8016,  88.1764,  85.1446,  82.0002,  93.3846,  60.1860,  70.0053,
        101.5915,  64.2943,  65.0372,  89.8729,  86.6772,  84.2413,  94.9231,
         75.5015,  96.5722, 113.8237,  90.2810,  74.4031,  86.8848,  72.7091,
         86.0209,  88.0122,  36.9068,  83.8030,  65.5951,  73.9296,  78.5845,
        109.0200,  78.0905,  57.2379,  84.6056,  89.5030, 102.4077,  88.4373,
         79.1677, 104.0060,  40.0649,  60.5643,  77.3892, 105.6711,  69.1081,
         84.2829,  61.9790,  99.3627,  87.8040,  85.9379,  80.0348,  86.2944,
         33.6563,  95.9601,  81.8333,  81.7078,  60.7927,  47.2742,  43.6540,
         74.2035,  53.5888,  77.9652,  71.5767])
tensor([ 63.8472,  88.1764,  94.2181,  82.0002,  93.3846,  51.4332,  70.0053,
         65.0501,  64.2943,  65.0372,  74.9152,  86.6772,  93.1338, 103.0103,
         86.9975,  96.0623, 100.9716,  90.2810,  56.9591,  86.8848,  92.5211,
         94.1073,  88.0122,  36.9068,  91.6959,  83.0994,  73.9296,  78.5845,
         71.4507,  64.1157,  79.4731, 103.1163,  89.5030, 102.4077,  88.4373,
         98.2855, 104.0060,  72.1044,  78.2983,  77.3892,  93.6879,  69.1081,
         84.2829,  61.9790,  99.3627,  71.7402,  85.9379,  80.0348,  93.4810,
         65.0425,  98.4976,  68.1235,  89.1911,  60.7927,  67.1541,  43.6540,
         74.2035,  53.5888,  77.9652,  71.5767])
tensor([ 74.9926, 101.2958, 104.5286,  57.1433,  93.3846,  63.2228,  70.0053,
         76.7639,  58.7134,  59.2163,  74.9152,  86.6772,  93.1338, 111.0919,
         86.9975,  96.0623,  88.5569,  89.4617,  56.9591,  76.3247,  92.5211,
         94.1073,  88.0122,  36.9068,  79.6377,  83.0994,  73.9296,  78.5845,
         71.4507,  74.2798,  79.4731, 103.1163,  89.5030,  70.9590,  74.3332,
         98.2855,  74.5295,  72.1044,  85.9545,  77.3892,  93.6879,  72.2767,
         68.3941,  82.8775,  99.3627,  71.7402,  85.9379, 102.0382, 103.8649,
         65.0425, 107.3119,  79.1335,  99.0382,  60.7927,  67.1541,  67.9154,
         69.1588,  75.5713,  78.0742,  71.5767])
tensor([ 74.9926,  62.7171, 104.5286, 102.1581,  93.3846, 108.4884,  70.0053,
         76.7639, 105.0247,  59.2163,  74.9152,  60.3740,  61.5513, 111.0919,
         86.9975,  64.1843, 104.3245, 106.7774,  56.9591,  76.3247,  92.5211,
         62.8517, 107.7383,  36.9068,  98.9753,  83.0994,  73.9296,  91.5827,
        121.7002,  74.2798,  79.4731, 102.5410,  89.5030, 116.4400,  74.3332,
         99.5923,  74.5295,  59.7908,  69.1799,  77.3892,  93.2736,  92.2523,
         89.0523,  67.0467, 111.6048,  58.4813,  85.9379,  65.7692, 103.8649,
         54.4673, 107.3119,  79.1335,  62.2481,  60.7927,  67.1541,  52.2034,
         69.1588,  75.5713,  96.2033,  71.5767])
tensor([ 74.9926,  62.7171,  69.4318,  81.5060,  65.2106,  88.7659, 107.7497,
         76.7639, 105.0247,  79.2387,  99.0267,  72.7290,  72.6164,  78.1655,
         86.9975,  64.1843, 124.4196, 129.8356,  56.9591,  76.3247,  92.5211,
         62.8517, 107.7383,  54.1716,  98.9753,  83.0994,  61.7235, 115.8546,
        121.7002,  74.2798,  55.8282, 102.5410,  58.8354, 116.4400,  60.1114,
        121.1491,  74.5295,  59.7908,  69.1799, 108.7305,  93.2736, 115.1718,
        112.7703,  74.4156, 111.6048,  66.7848,  92.8309,  78.6306, 103.8649,
         54.4673, 107.3119,  79.1335,  73.5897,  60.7927,  57.8040,  52.2034,
         56.8919,  75.5713, 118.3070,  71.5767])
tensor([ 74.9926, 104.4202, 106.7312,  62.0740,  65.2106,  69.2329, 107.7497,
         66.5152,  59.7763,  79.2387,  99.0267,  72.7290,  72.6164,  78.1655,
         86.9975,  64.1843, 104.3562, 107.2262,  56.9591,  68.6163,  86.3959,
         62.8517, 107.7383,  54.1716,  94.9969,  84.3836,  61.7235,  94.3691,
         70.2813,  74.2798,  55.8282, 102.5410,  58.8354,  66.4754,  81.6652,
        121.1491,  86.6177,  59.7908,  87.2154, 108.7305,  93.2736, 115.1718,
         92.0995,  92.9247,  63.7477,  87.8782,  92.8309, 110.5127,  99.3084,
         54.4673, 107.3119,  79.1335,  73.5897,  76.7074,  78.3067,  75.7134,
         78.1987,  75.5713,  97.2777,  78.5542])
tensor([ 74.9926,  65.1196, 106.7312,  62.0740,  65.2106,  69.2329,  96.8291,
         66.5152,  86.5931,  79.2387,  98.2273,  72.7290,  62.5005,  67.5087,
         86.9975,  62.2116, 104.3562, 107.2262,  71.7948,  94.8945,  86.3959,
         59.7584, 107.7383,  82.3035,  94.9969,  95.4905,  61.7235, 108.8995,
         98.3000,  74.2798,  51.5420, 102.5410,  86.7726,  93.1031,  94.0965,
        110.0150,  86.6177,  88.5886,  87.2154, 108.7305, 100.9460, 102.4624,
         92.0995, 103.7095,  63.7477,  87.8782,  94.8001, 110.5127,  59.1169,
         54.4673,  59.5501,  79.1335,  62.4068,  89.2593,  78.3067,  87.4807,
         78.1987,  81.9818,  97.2777,  78.5542])
tensor([ 64.8493,  65.1196, 101.4799,  62.0740,  93.5773,  69.2329,  59.9197,
         69.0889,  67.1330,  57.1520,  98.2273,  72.7290,  62.5005,  67.5087,
         84.2869,  62.2116, 104.3562,  75.9109,  71.7948,  76.1234,  58.9056,
         59.7584,  60.2295,  82.3035,  94.9969,  95.4905,  89.7968, 108.8995,
         98.3000,  74.2798,  51.5420, 102.5410, 105.3358,  73.5413, 111.1489,
        110.0150,  59.0039, 106.8012,  87.2154, 108.7305,  64.1338,  65.3249,
         92.0995, 103.7095,  66.8654,  87.8782,  94.8001, 104.2451, 100.3996,
         92.8955, 103.2009,  79.1335, 100.7349,  89.2593,  78.3067, 105.9310,
        101.9426,  81.9818,  65.3470,  55.0109])
tensor([ 64.8493,  90.8866, 101.4799,  99.7550,  82.9950, 105.3885,  59.9197,
         69.0889, 109.0926,  57.1520, 116.1935,  72.7290,  62.5005,  67.5087,
         84.2869,  88.3966, 103.4083, 111.7658,  71.7948, 116.5996,  58.9056,
         88.7595,  60.2295,  54.7803,  96.9463,  67.1668,  89.7968, 108.8995,
         98.3000, 101.0741,  78.4010,  97.8223,  64.1065, 116.8064,  68.2757,
        110.0150,  98.5271,  65.3725,  87.2154, 108.7305,  98.8036, 100.0749,
         92.0995, 103.7095,  66.8654,  64.8414,  94.8001,  95.9227, 100.3996,
         92.8955,  92.8607,  79.1335,  91.6014,  89.2593,  78.3067, 105.9310,
         64.1452,  57.3920,  65.3470,  55.0109])
tensor([ 64.8493, 100.1919, 101.4799,  87.5255,  95.5467,  93.8832,  91.6151,
         95.9193,  96.1681,  57.1520, 116.1935,  91.2370,  62.5005, 100.7761,
         83.3979,  88.3966, 103.7253, 112.4505,  58.9592, 116.5996,  58.9056,
         88.7595,  60.2295,  54.7803,  96.9463,  67.1668,  87.8390,  94.7456,
         98.3000, 101.0741,  78.4010,  97.8223,  81.9383, 102.4446,  85.3272,
        110.0150,  99.5398,  65.3725,  87.2154,  84.4744, 100.5815, 100.0749,
         87.4252,  84.2436,  66.8654,  64.8414,  94.9327, 105.5074, 100.3996,
         68.1197,  92.8607,  79.1335,  91.6014,  72.9377,  78.3067, 105.9310,
         80.8056,  57.3920,  96.4113,  86.6796])
tensor([ 84.5013, 100.1919, 101.4799,  87.5255,  82.4466,  93.8832,  91.6151,
         95.9193,  96.1681,  57.1520, 116.1935,  91.2370,  79.8205, 100.7761,
         73.4928,  82.3856, 128.4957, 112.4505,  61.7166, 116.5996,  58.9056,
         88.7595,  60.2295,  68.5305, 119.6575,  67.1668,  76.9996, 123.2897,
         91.2700, 101.0741,  75.0781, 120.0302,  82.8633, 102.4446,  85.5580,
        110.0150,  99.5398,  77.1842,  72.3873,  84.4744, 126.2036, 100.0749,
        116.4993,  85.0771,  66.8654,  77.1858,  94.9327, 105.5074, 100.3996,
         70.3617,  92.8607,  82.1940,  91.6014,  72.9377,  64.3257,  69.5100,
         80.2762,  69.0604, 123.8937, 113.7391])
tensor([ 56.9039, 100.1919,  70.9248,  87.5255,  82.4466,  93.8832,  91.6151,
         56.1425,  96.1681,  57.1520, 116.1935,  91.2370,  75.4901, 100.7761,
         73.4928,  82.3856, 128.4957, 112.4505, 119.3042,  62.6384,  68.8185,
         88.7595,  46.3648,  68.5305, 119.6575,  67.1668,  73.8026,  80.7400,
         91.2700,  48.4008,  75.0781, 120.0302, 133.6805,  60.8771, 136.0352,
         73.7125,  79.6365, 129.6407,  72.3873,  68.3703,  85.8773,  76.6631,
         76.1133,  85.0771,  53.8411,  77.1858,  56.9113,  82.3001, 100.3996,
        122.2005,  78.4730,  82.1940,  91.6014,  72.9377,  64.3257, 126.3504,
        130.5523, 123.9273, 123.8937,  74.8035])
tensor([ 24.2849,  38.2907,  70.9248,  87.5255,  25.0929,  93.8832,  34.7233,
         36.5813,  36.7624,  57.1520, 116.1935,  91.2370,  75.4901,  25.6290,
         37.3713,  82.3856,  24.4403,  22.7671, 119.3042,  62.6384,  28.0793,
         88.7595,  46.3648,  68.5305,  37.5956,  67.1668,  73.8026,  26.3293,
         23.5548,  48.4008,  34.7434,  24.2336,  23.2872,  60.8771, 136.0352,
         73.7125,  37.4619, 129.6407,  35.2611,  24.9251,  85.8773,  25.0922,
         28.9387,  85.0771,  26.7765,  77.1858,  35.1951,  82.3001,  36.1508,
         27.2521,  78.4730,  36.5928,  91.6014,  72.9377,  35.0325,  26.0645,
         27.0301, 123.9273, 123.8937,  74.8035])
tensor([ 44.9132,  41.7917,  70.9248,  87.5255,  25.0929,  93.8832,  37.3441,
         39.2820,  36.7624,  57.1520, 116.1935,  38.3721,  75.4901,  41.7614,
         40.7198,  82.3856,  24.4403,  22.7671,  41.9512,  62.6384,  28.0793,
         34.5717,  33.0316,  68.5305,  39.7073,  67.1668,  44.4683,  38.1339,
         45.2881,  37.0520,  34.7434,  45.8074,  23.2872,  36.0236,  43.6711,
         38.4964,  37.4619, 129.6407,  35.2611,  45.1200,  85.8773,  38.0885,
         38.9680,  36.9751,  37.2932,  38.3881,  39.3500,  41.7443,  40.6109,
         27.2521,  34.6833,  36.5928,  91.6014,  72.9377,  35.0325,  26.0645,
         39.1939, 123.9273, 123.8937,  74.8035])
tensor([ 44.9132,  41.7917,  32.8265,  87.5255,  25.0929,  32.5069,  35.9143,
         39.2820,  36.7624,  57.1520,  31.8086,  34.6008,  35.0123,  41.7614,
         40.7198,  32.4377,  46.0668,  22.7671,  46.6453,  31.8318,  28.0793,
         34.5717,  33.0316,  34.1701,  39.7073,  42.8115,  47.6179,  38.5211,
         48.5985,  37.0520,  36.1869,  48.4390,  47.1004,  36.0236,  43.6711,
         34.8068,  37.4619,  32.9240,  34.0087,  45.1200,  85.8773,  38.0885,
         38.5133,  36.9751,  37.2932,  34.9387,  34.8271,  44.9892,  40.6109,
         34.6337,  34.6833,  36.5928,  91.6014,  32.4489,  35.0325,  34.7873,
         39.1939,  32.5147, 123.8937,  33.9468])
tensor([45.0370, 40.5484, 34.1659, 87.5255, 25.0929, 32.5069, 35.9143, 39.2820,
        36.7624, 57.1520, 39.8844, 34.6008, 35.6471, 41.7614, 40.2021, 32.4377,
        46.0668, 22.7671, 46.6453, 41.5186, 28.0793, 34.5717, 31.9083, 34.8595,
        39.7073, 44.4635, 47.6179, 38.5211, 48.5985, 35.1164, 37.0277, 48.7846,
        49.2776, 33.6130, 44.5739, 42.5404, 37.4619, 40.6802, 34.0087, 43.3980,
        85.8773, 35.9654, 37.5910, 36.9751, 34.3506, 43.5062, 42.2948, 44.9892,
        35.9173, 34.6337, 33.4550, 36.5928, 91.6014, 40.8265, 35.0325, 35.9761,
        35.4308, 32.5147, 31.4541, 33.9468])
tensor([38.1223, 40.5484, 34.1659, 37.9681, 25.0929, 32.5069, 35.9143, 39.2820,
        41.7614, 57.1520, 39.8844, 34.6008, 39.2675, 34.1676, 46.6964, 32.4377,
        46.0668, 32.8271, 46.6453, 41.5186, 28.0793, 39.1301, 41.0963, 38.4394,
        37.0933, 44.4635, 37.3547, 41.7555, 48.5985, 35.1164, 40.2026, 41.3406,
        41.6533, 36.6776, 44.5739, 47.5305, 43.8070, 46.7437, 37.1606, 43.3980,
        34.0425, 35.9654, 45.7321, 36.9751, 34.3506, 43.5062, 47.3464, 36.4702,
        35.9173, 34.6337, 41.2539, 36.0544, 35.2721, 40.8265, 41.8623, 35.9761,
        35.4308, 46.4024, 31.4541, 33.9468])
tensor([44.0690, 46.4295, 36.4969, 37.9681, 38.7720, 34.5829, 35.9143, 41.7431,
        45.4043, 57.1520, 46.2660, 47.2993, 39.2675, 34.1676, 49.5248, 44.9974,
        40.0171, 39.9872, 39.5218, 41.5186, 28.0793, 39.1301, 38.0935, 38.4394,
        37.0933, 44.4635, 37.3547, 41.7555, 40.3395, 35.1164, 40.2026, 41.3406,
        45.9787, 36.6776, 44.5739, 49.8820, 43.8070, 49.1172, 43.8105, 43.3980,
        40.9046, 35.9654, 45.7321, 40.1056, 34.3506, 49.3125, 47.3464, 36.4702,
        35.9173, 34.6337, 37.7859, 43.4803, 35.2721, 47.8625, 45.6721, 37.9795,
        35.4308, 49.0193, 36.2175, 33.9468])
tensor([44.0690, 59.7049, 36.4969, 37.9681, 43.2002, 34.5829, 38.4270, 39.3574,
        45.4043, 57.1520, 59.8725, 47.2993, 41.5134, 41.0833, 63.5114, 44.9974,
        43.4149, 42.1039, 43.0808, 59.0071, 30.1341, 33.4895, 38.0935, 38.4394,
        39.5563, 41.3423, 42.4435, 34.7938, 40.3395, 39.1488, 42.5354, 46.2657,
        47.7035, 39.3581, 40.7353, 49.8820, 43.8070, 49.1172, 43.8105, 43.3980,
        43.2381, 34.9065, 37.9083, 40.1056, 33.4107, 62.1168, 60.7465, 36.4702,
        35.9173, 34.6337, 37.7859, 43.4803, 35.2721, 47.8625, 45.6721, 37.9795,
        35.4308, 49.0193, 36.2175, 33.9468])
tensor([44.0690, 45.3366, 35.5424, 33.6930, 62.3435, 34.5829, 38.4270, 39.3574,
        40.7878, 57.1520, 43.8713, 47.2993, 41.5134, 60.2486, 47.2046, 44.9974,
        43.4149, 42.1039, 43.0808, 42.8322, 34.6573, 33.4895, 38.0935, 38.4394,
        39.5563, 61.3630, 42.4435, 38.1786, 61.8383, 39.1488, 42.5354, 46.2657,
        67.1829, 41.2952, 61.9834, 49.8820, 40.7358, 43.3739, 41.0397, 43.3980,
        63.2211, 37.4097, 37.9083, 38.6812, 36.8233, 45.3547, 45.1673, 58.8797,
        35.9173, 33.0501, 36.6885, 43.4803, 38.7954, 47.8625, 45.6721, 37.9795,
        34.6928, 49.0193, 36.2175, 33.9468])
tensor([51.3864, 45.3366, 51.7945, 33.6930, 51.8676, 34.5829, 35.9711, 39.3574,
        45.6705, 57.1520, 49.4041, 47.2993, 39.0672, 51.3910, 47.2046, 44.9974,
        50.9399, 42.1039, 43.0808, 48.4983, 34.6573, 33.4895, 52.1423, 38.4394,
        36.6424, 61.3630, 50.3958, 55.3232, 61.8383, 35.4699, 39.0937, 53.8362,
        56.8246, 41.2952, 61.9834, 46.5208, 45.8465, 49.0877, 38.5053, 48.2682,
        63.2211, 37.4097, 37.9083, 38.6812, 36.8233, 51.2479, 51.0614, 50.2475,
        36.0599, 33.0501, 36.6885, 43.4803, 38.7954, 45.7110, 45.6721, 52.3686,
        34.6928, 49.0193, 50.9442, 33.9468])
tensor([51.3864, 62.9512, 36.6477, 33.6930, 51.1556, 34.5829, 52.6282, 39.3574,
        60.1545, 57.1520, 64.9999, 47.2993, 56.1008, 50.7507, 47.2046, 55.6580,
        50.9399, 47.4750, 47.8902, 48.4983, 33.3834, 33.7084, 35.8959, 38.4394,
        54.4817, 49.3146, 50.3958, 39.5388, 61.8383, 35.4699, 39.0937, 52.6022,
        54.9083, 41.2952, 48.9610, 61.2066, 61.3216, 65.1790, 38.5053, 45.3585,
        63.2211, 37.4097, 36.8975, 38.6812, 36.8233, 51.2479, 51.0614, 50.2475,
        36.0599, 33.0501, 36.6885, 43.4803, 38.7954, 61.4851, 55.7930, 36.1516,
        34.6928, 59.5598, 34.5095, 33.9468])
tensor([51.3864, 62.9512, 52.1716, 33.6930, 61.4053, 34.5829, 40.9172, 37.5906,
        59.0230, 31.5951, 64.4149, 47.2993, 56.1008, 60.8026, 47.2046, 55.4203,
        57.3541, 56.8405, 56.9999, 48.4983, 47.4217, 48.1597, 35.8959, 36.9306,
        41.8265, 49.3146, 55.6365, 39.5388, 61.8383, 35.4699, 39.0937, 63.0140,
        65.5361, 41.2952, 58.5818, 61.2141, 61.3216, 63.8100, 39.7646, 45.3585,
        63.2211, 37.4097, 36.8975, 38.6812, 36.8233, 51.2479, 51.0614, 56.5447,
        37.5045, 33.0501, 36.6885, 35.4261, 35.2209, 61.4851, 55.7930, 36.1516,
        46.2952, 59.5598, 49.6300, 32.3284])
tensor([55.9208, 62.9512, 40.4467, 33.6930, 62.3720, 30.9990, 71.9090, 65.7814,
        50.6009, 31.5951, 64.4149, 47.2993, 56.1008, 60.8026, 50.7206, 55.4203,
        57.3541, 58.9178, 59.0113, 48.4983, 47.4217, 38.0290, 35.8959, 65.0979,
        74.1371, 49.3146, 57.1278, 39.5388, 61.8383, 64.4337, 39.0937, 63.0140,
        66.0334, 41.2952, 60.1964, 52.7468, 48.2357, 55.7835, 39.7646, 56.1292,
        63.2211, 35.5697, 36.8975, 38.6812, 34.5514, 51.2479, 51.5126, 57.4022,
        68.5594, 33.0501, 34.5568, 65.4402, 35.2209, 61.4851, 44.7858, 36.1516,
        46.2952, 47.3027, 49.6300, 32.3284])
tensor([55.4032, 60.7316, 46.7489, 33.6930, 62.3720, 30.9990, 72.0916, 67.1783,
        50.6009, 31.5951, 64.6769, 47.2993, 66.7941, 57.4636, 50.7206, 56.0013,
        55.4955, 58.9178, 58.9748, 48.4983, 39.9760, 38.0290, 35.8959, 65.0979,
        73.8144, 49.3146, 56.5486, 43.0588, 50.2404, 64.4337, 63.7862, 63.0140,
        66.0334, 41.2952, 59.2433, 66.5614, 62.2180, 69.5728, 39.7646, 56.1292,
        63.2211, 35.5697, 36.8975, 58.4835, 39.9796, 51.2479, 51.5126, 57.4022,
        68.9753, 33.0501, 40.0276, 66.4317, 35.2209, 61.4851, 44.7858, 40.1654,
        38.0741, 60.9760, 39.9042, 32.3284])
tensor([55.4032, 60.7316, 68.2743, 33.6930, 51.0182, 30.9990, 72.0916, 67.4888,
        50.6009, 31.5951, 64.6769, 49.2949, 67.4742, 51.8315, 50.7206, 57.9571,
        48.8017, 58.9178, 52.7770, 55.1860, 59.7785, 38.0290, 54.8907, 61.9695,
        73.8144, 43.3256, 56.5486, 43.0588, 44.8997, 60.4895, 65.7716, 63.0140,
        66.0334, 41.2952, 53.0417, 66.5614, 62.2180, 69.5728, 64.0350, 46.1991,
        63.2211, 56.8052, 36.8975, 59.4771, 59.5836, 51.2479, 62.8134, 57.4022,
        68.9753, 33.0501, 60.4337, 66.4317, 57.5369, 56.3466, 44.7858, 61.0532,
        59.1269, 60.9760, 39.9042, 54.3578])
tensor([55.4032, 53.3736, 73.4607, 33.6930, 51.0182, 52.6625, 71.8067, 67.4888,
        50.6009, 31.5951, 64.6769, 44.1300, 67.4742, 51.8315, 51.3676, 51.5058,
        48.8017, 54.5287, 52.7770, 49.7946, 64.5741, 61.5031, 54.8907, 61.9695,
        73.8377, 55.0480, 56.5486, 43.0588, 56.5324, 60.4895, 65.7716, 63.0140,
        66.0334, 41.2952, 64.7840, 57.7018, 52.8695, 60.0178, 64.0350, 46.1991,
        49.2323, 63.9634, 36.8975, 59.4771, 59.5836, 49.6415, 57.4533, 53.8368,
        69.4982, 50.3929, 66.5106, 66.4317, 62.8816, 50.7537, 46.0151, 61.0532,
        59.1269, 51.4923, 39.9042, 54.3578])
tensor([ 38.9358, 106.6083,  73.4607,  33.6930,  44.4650,  52.6625,  62.0392,
         67.4888,  50.6009,  42.9925,  64.6769,  99.7341,  67.4742,  51.8315,
         51.3676,  51.5058,  48.8017,  43.1362,  45.7687, 104.8926,  48.5240,
         61.5031,  41.7542,  61.9695,  73.8377,  55.0480,  56.5486,  43.0588,
         56.5324,  60.4895,  57.9746,  40.2639,  41.9450,  41.2952,  64.7840,
        111.4818,  52.8695, 113.1079,  64.0350,  38.7245,  37.6835,  45.7576,
         39.2719,  51.3858,  43.4676, 106.2066, 112.8034,  53.8368,  59.1578,
         50.3929,  48.5510,  66.4317,  55.1766,  50.7537,  98.7999,  44.6997,
         43.1345,  51.4923,  39.9042,  54.3578])
tensor([ 71.5013, 106.6083,  77.1492,  52.3340,  77.5830,  52.6625,  62.0392,
         67.4888,  50.6009,  38.9143,  65.6282,  61.9451,  50.2273,  72.3409,
         51.3676,  63.4993,  68.9839,  43.1362,  45.7687,  66.7789,  74.5483,
         61.5031,  41.7542,  61.9695,  73.8377,  55.0480,  56.5486,  67.5696,
         70.4757,  41.9821,  57.9746,  40.2639,  41.9450,  41.2952,  77.8967,
         74.4422,  64.5785, 113.1079,  45.1708,  72.0243,  37.6835,  45.7576,
         39.2719,  46.3450,  70.9553, 106.2066,  74.2751,  68.1693,  59.1578,
         57.6434,  76.0777,  66.4317,  55.1766,  50.7537,  98.7999,  44.6997,
         71.0752,  63.1337,  63.6335,  54.3578])
tensor([70.5271, 69.2456, 77.1492, 58.2261, 77.5830, 61.2003, 62.0392, 67.4888,
        57.8161, 38.9143, 69.5632, 66.1018, 50.2273, 72.3409, 63.8590, 63.4993,
        68.9856, 69.1103, 45.7687, 66.7789, 74.5483, 68.3853, 69.4768, 61.9695,
        73.8377, 64.0339, 61.3838, 67.5696, 70.4757, 41.9821, 57.9746, 68.7297,
        41.9450, 41.2952, 77.6150, 74.4422, 69.4411, 72.9148, 55.7267, 72.0243,
        37.6835, 75.2898, 68.3026, 46.3450, 76.6988, 65.5427, 74.2751, 68.2585,
        59.1578, 57.6434, 81.1154, 66.4317, 55.1766, 63.0567, 61.8130, 73.8029,
        77.5107, 63.1337, 63.6335, 43.2161])
tensor([70.5271, 69.2456, 77.1492, 70.5079, 74.4533, 61.2003, 62.0392, 67.4888,
        57.8161, 37.5990, 76.8554, 66.1018, 50.2273, 71.8975, 71.7330, 68.8787,
        68.9856, 73.7134, 45.7687, 72.3349, 84.4192, 79.9152, 69.4768, 38.2926,
        73.8377, 64.0339, 66.1504, 67.5696, 69.5013, 41.9821, 46.0217, 73.4789,
        70.4457, 34.5571, 77.6150, 79.1313, 76.2491, 72.9148, 55.7267, 70.4792,
        65.0341, 87.1166, 68.3026, 43.4675, 76.6988, 73.1356, 78.7067, 68.2585,
        59.1578, 57.6434, 81.1154, 37.7287, 55.1766, 63.0567, 69.1959, 73.8029,
        77.5107, 69.4879, 75.4176, 43.2161])
tensor([ 70.5271,  69.2456,  77.1492,  36.2075,  74.4533,  33.9627,  62.0392,
         67.1269,  57.8161,  67.1854, 104.0152,  95.3686,  50.2273,  72.3860,
         71.7330,  68.8787,  69.0257,  73.5340,  45.7687,  99.0056,  84.4192,
         79.9152,  39.7678,  67.2820,  71.5182,  64.2305,  66.1504,  39.1395,
         69.5013,  64.1097,  46.0217,  73.7956,  68.6647,  34.5571,  77.6150,
        105.6820, 103.9212,  72.9148,  72.6876,  70.4792,  65.0341,  87.1166,
         68.3026,  73.6611,  45.2209,  73.1356,  78.7067,  67.4016,  59.1578,
         32.4470,  81.1154,  37.7287,  66.8543,  94.4296,  97.5100,  73.8029,
         77.5107,  98.9437,  75.4176,  61.4652])
tensor([ 70.5271,  69.2456,  45.0371,  36.2075,  74.4533,  41.7627, 100.1709,
         97.1515,  67.9138,  67.1854,  86.4161,  95.3686,  50.2273,  63.1473,
         71.7330,  75.1478,  60.9475,  64.4918,  45.7687,  99.0056,  48.3700,
         79.9152,  39.7678,  67.2820, 104.0374,  57.7162,  66.1504,  47.1162,
         56.5332,  64.1097,  46.0217,  65.4628,  60.7600,  88.8139,  77.6150,
        105.6820, 103.9212,  72.9148,  72.6876,  56.6214,  50.1218,  87.1166,
         40.9587, 105.1859,  51.1975,  73.1356,  85.7052,  59.8928,  98.9990,
         39.3563,  81.1154,  94.7230,  66.8543,  94.4296,  97.5100,  73.8029,
         45.2810,  98.9437,  75.4176,  95.1494])
tensor([ 89.7242,  45.2595,  45.0371,  36.2075,  74.4533,  41.7627, 100.1709,
         63.6165,  67.9138,  61.0294,  86.4161,  44.1606,  59.6430,  98.3894,
         71.7330,  46.1341,  98.4076, 100.4549,  87.5356,  48.6644,  48.3700,
         79.9152,  39.7678,  67.2820,  69.1640,  57.7162,  86.4219,  47.1162,
         96.8115,  64.1097,  46.0217,  65.4628,  60.7600,  57.0522,  94.4385,
         52.5827, 103.9212,  47.4177,  65.7906,  56.6214,  91.4197,  87.1166,
         70.9220,  69.7045,  51.1975,  73.1356,  85.7052,  97.4407,  98.9990,
         69.2147,  73.3226,  94.7230,  59.2474,  44.4314,  47.3410,  73.8029,
         45.2810,  98.9437,  75.4176,  61.5855])
tensor([ 74.2526,  78.9378,  45.0371,  36.2075,  73.7380,  41.7627,  95.6230,
         99.8733,  69.4470,  61.0294,  82.9399,  44.1606,  59.6430,  84.3866,
         71.7330,  46.1341,  83.4838, 100.4549,  71.6297,  48.6644,  48.3700,
         79.9152,  39.4521,  91.0500, 104.8551,  57.7162,  71.7604,  47.1162,
         79.1790,  64.1097,  46.0217,  82.7782,  78.4842,  57.0522,  78.8570,
         87.4588,  79.8164,  47.4177,  65.7906,  56.6214,  91.4197,  87.1166,
         44.1798, 105.2775,  51.1975,  75.1093,  83.2051,  81.7482,  95.2458,
         69.2147,  45.0801,  91.8310,  59.2474,  78.4788,  47.3410,  73.8029,
         45.2810,  75.8812,  75.4176,  61.5855])
tensor([ 92.1609,  78.9378,  45.0371,  36.2075,  73.7380,  41.7627,  95.6230,
         83.0607,  69.4470,  61.0294,  82.9399,  44.1606,  74.2782, 100.7537,
         71.7330,  46.1341,  83.4838,  96.9010,  71.6297,  93.1212,  41.2663,
         35.8506,  43.2608,  91.0500,  86.2084,  87.2255,  71.7604,  41.5209,
         95.6032,  65.9553,  46.0217,  99.4182,  95.6931,  70.3933,  96.5229,
         87.4588,  95.5613,  91.6637,  65.7906,  56.6214,  91.4197,  87.1166,
         44.1798,  86.3474,  51.1975,  92.2515,  83.2051,  81.7482,  78.3756,
         40.1451,  47.4391,  74.0833,  59.2474,  96.3708,  90.4326,  73.8029,
         40.2018,  75.8812,  31.7624,  61.5855])
tensor([ 72.3158,  80.7828,  45.0371,  36.2075,  66.9225,  41.7627,  95.6230,
         83.0607,  69.4470,  61.0294,  84.0611,  44.1606,  80.8281, 100.7537,
         71.7330,  77.1679,  83.4838,  96.9010,  68.0857,  84.1886,  41.2663,
         76.5850,  43.2608,  75.7566,  90.7948,  69.6867,  65.0732,  83.5013,
         75.5443,  74.2145,  46.0217,  77.9829,  95.6931,  76.2788,  96.5229,
         87.4588,  95.5613,  84.1294,  78.7141,  65.2600,  91.4197,  87.1166,
         80.9111,  86.3474,  79.5117,  84.0706,  85.3961,  75.8515,  78.3756,
         40.1451,  47.4391,  79.7818,  59.2474,  85.3629,  90.4326,  69.4786,
         81.4392,  75.8812,  31.7624,  61.5855])
tensor([ 85.6923,  80.7828,  70.6388,  36.2075,  81.4167,  41.7627,  71.9178,
         83.0607,  69.4470,  65.7055,  92.3572,  76.5385,  80.8281, 100.7537,
         71.7330,  77.1679,  83.9386,  83.8803,  68.0857,  91.5130,  41.2663,
         76.5850,  77.4148,  76.5065,  90.7948,  83.8733,  79.6455,  83.5013,
         75.5443,  73.3948,  46.0217,  91.4719,  85.3339,  76.2788,  85.4977,
         87.4588,  95.5613,  84.1294,  77.5638,  79.7434,  73.0907,  87.1166,
         80.9111,  82.8884,  79.5117,  90.7207,  85.3961,  75.8515,  78.3756,
         74.0050,  84.0773,  78.2256,  59.2474,  92.3733,  90.4326,  69.4786,
         82.5129,  75.8812,  67.5174,  66.4950])
tensor([ 85.6923,  73.2798,  70.6388,  36.2075, 102.5311,  60.6220,  71.9178,
         83.0607,  69.4470,  65.7055,  80.3209,  76.5385,  80.8281, 102.6834,
         71.7330,  67.6113, 103.9808, 103.2208,  68.0857,  79.7777,  41.2663,
         71.1762,  76.6439,  79.2290,  90.7948, 103.5049,  79.6455,  77.4839,
        104.5283,  77.8841,  46.0217,  91.4719, 106.0136,  72.8036, 105.3822,
         87.4588,  95.5613,  73.8527,  81.2275,  79.7434,  94.7438,  87.1166,
         74.1501,  85.3306,  74.6924,  77.2154,  85.3961, 101.1976,  78.3756,
         74.0050,  84.0773,  80.8643,  59.2474,  92.3733,  90.4326,  65.2655,
         82.5129,  62.9661,  67.5174,  66.4950])
tensor([ 85.6923,  86.3268,  70.6388,  61.2974, 102.5311,  60.6220,  71.9178,
         83.0607,  69.4470,  65.7055,  94.4964,  74.1944,  80.8281, 102.6834,
         67.2902,  82.1566,  99.6843,  99.2989,  68.0857,  92.9525,  76.1956,
         81.8406,  86.2273,  79.2290,  90.7948,  99.4353,  79.6455,  87.0088,
        104.5283,  79.0305,  63.3102,  91.4719, 106.0136,  72.8036, 105.3822,
         81.0045,  95.5613,  73.8527,  81.2275,  91.4195,  91.9407,  69.3044,
         74.1501,  86.4268,  74.6924,  90.8076,  82.8207,  97.2102,  71.0161,
         74.0050,  84.0773,  81.8399,  61.8784,  88.0175,  90.4326,  65.2655,
         82.5129,  62.9661,  74.1053,  67.1360])
tensor([ 85.6923,  86.3268,  63.4564,  61.2974,  56.1248,  60.6220,  71.9178,
         89.4270,  94.0014,  84.2212, 124.0733,  74.1944,  91.4415,  59.1399,
         67.2902, 113.2703,  62.4483,  63.1436,  68.0857, 121.3684,  76.1956,
         81.8406,  86.2273,  95.7497,  90.7948,  63.1237,  79.6455,  87.0088,
         56.5426,  98.8283,  63.3102,  91.4719, 106.0136,  90.9912, 105.3822,
         81.0045, 106.7116, 114.0334,  97.7443,  91.4195,  56.0175,  69.3044,
         74.1501,  86.4268,  74.6924,  90.8076, 115.7710,  97.2102,  94.8527,
         65.3969,  73.3892, 102.3982,  86.5304, 119.2799,  90.4326,  65.2655,
         82.5129, 106.9782,  67.1305,  67.1360])
tensor([ 85.6923, 109.0642,  52.4253,  41.0425,  56.1248,  60.6220, 104.7017,
        109.4672,  94.0014,  84.2212, 124.0733,  98.9653, 112.5960,  68.4173,
         94.5208, 113.2703,  62.4483,  71.4113,  68.0857, 121.3684,  52.1764,
         55.3873,  86.2273,  95.7497,  90.7948,  70.7187,  79.6455,  87.0088,
         66.3055,  98.8283,  63.3102,  62.1540, 106.0136, 111.9175, 105.3822,
        106.0096, 106.7116, 114.0334, 117.6657,  57.5263,  56.0175,  45.8903,
         74.1501, 120.6735,  52.8106,  90.8076, 115.7710,  97.2102, 115.7917,
         65.3969,  73.3892, 102.3982, 107.4344, 114.5237,  95.3859,  46.7151,
         82.5129, 104.4772,  54.4184, 106.2503])
tensor([ 66.1021, 109.0642,  89.3689,  41.0425,  56.1248,  73.3082, 104.7017,
         92.8347,  94.0014,  84.2212,  99.1504,  98.9653,  96.7953,  83.0588,
         81.2617,  87.3531,  80.2191,  71.4113,  61.2529, 121.3684,  89.5478,
         91.9755,  86.2273,  95.7497,  92.1229,  83.0881,  79.6455,  87.0088,
         81.8365,  97.3444,  80.9148,  78.0782, 106.0136, 111.9175, 105.3822,
         91.1566, 106.7116,  91.3881, 100.1065,  57.5263,  73.0714,  45.8903,
         74.1501, 120.6735,  52.8106,  92.3847, 115.7710,  97.2102,  98.1154,
         84.2207,  92.4910,  98.3298,  91.9574, 114.5237,  81.8065,  46.7151,
         82.5129, 104.4772,  54.4184, 106.2503])
tensor([ 95.0259,  89.9511,  81.3320,  64.2800,  56.1248,  68.3677, 104.7017,
         93.4831,  67.9639,  80.2478,  99.1504,  98.9653,  96.7953, 105.6701,
         81.2617,  87.3531, 104.9733, 102.9162,  61.2529,  92.3906,  89.5478,
         91.9755,  86.2273,  95.7497,  93.6793,  83.0881,  79.6455,  87.0088,
         81.8365,  96.8984,  80.9148,  78.0782, 106.0136,  90.2962,  89.7174,
         91.1566,  79.2853,  91.3881,  98.3960,  57.5263,  73.0714,  71.4761,
         71.1925,  98.6669,  52.8106,  92.3847, 115.7710,  90.1300,  98.2802,
         84.2207,  83.9018,  98.2632,  92.5001, 114.5237,  81.8065,  70.4522,
         72.0276,  82.3233,  76.3055, 106.2503])
tensor([ 95.0259,  84.6769,  81.3320,  91.3723,  56.1248,  95.7843, 104.7017,
         93.4831,  65.3876,  80.2478,  99.1504,  69.3439,  96.0975, 105.6701,
         81.2617,  76.8038,  88.2778,  86.1412,  61.2529,  92.3906,  89.5478,
        103.8180,  97.2832,  95.7497,  97.5135,  83.0881,  79.6455,  98.8287,
         85.1902,  96.8984,  80.9148,  82.9815, 106.0136,  93.8972,  89.7174,
         81.4942,  79.2853,  80.2903, 102.6321,  57.5263,  77.6837,  98.9257,
         99.2896, 102.3084,  97.4151,  81.0944, 115.7710,  77.7338,  98.2802,
         96.9943,  83.9018,  98.2632,  96.5269, 114.5237,  81.8065,  98.1868,
         72.0276,  82.3233, 103.7293, 106.2503])
tensor([ 95.0259,  84.6769, 117.6415, 106.4679,  71.7740, 109.1471,  62.9216,
         93.4831,  65.3876,  63.4627,  90.8187,  80.4432,  79.2465,  87.0899,
         81.2617,  76.8038,  88.7767,  88.0919,  61.2529,  92.3906,  89.5478,
        103.8180,  97.2832,  67.1496,  97.5135,  83.0881,  61.2553, 113.8409,
         85.1902,  96.8984,  63.7955,  82.9815,  70.8197,  93.8972,  74.3297,
         90.9672,  79.2853,  80.2903, 102.6321,  72.7272,  77.6837, 115.1262,
        114.0440,  82.3439,  97.4151,  90.4787,  81.3746,  81.6300,  98.2802,
         96.9943,  83.9018,  98.2632,  77.9205, 114.5237,  76.7621,  98.1868,
        109.6442,  82.3233, 117.0768, 106.2503])
tensor([ 95.0259,  98.0040,  86.2155,  76.8589,  71.7740,  78.9543,  62.9216,
         83.8158,  80.1254,  63.4627,  90.8187,  80.4432,  79.2465,  87.0899,
         81.2617,  76.8038, 118.9445, 116.7001,  61.2529,  93.9842,  77.2579,
        103.8180,  97.2832,  67.1496,  88.9590, 107.5583,  61.2553,  84.1685,
        111.7750,  96.8984,  63.7955,  82.9815,  70.8197,  84.2344, 105.9927,
         90.9672,  82.7289,  80.2903,  90.1188,  72.7272,  77.6837, 115.1262,
         82.9599,  97.0064,  78.2702, 100.4490,  81.3746, 111.4030,  86.5113,
         96.9943,  83.9018,  98.2632,  77.9205,  90.5524,  87.6605,  76.8915,
         79.5334,  82.3233,  84.0382,  71.0979])
tensor([ 95.0259, 109.4261,  86.2155,  76.8589,  71.7740,  78.9543,  86.0173,
         83.8158,  94.1282,  63.4627, 108.4296,  80.4432,  99.3749,  89.0898,
         81.2617,  97.8193, 118.9445, 116.7001,  65.3221, 106.7096,  77.2579,
         95.1481,  97.2832,  88.5584,  88.9590,  82.9672,  61.2553, 102.6671,
         87.7840,  96.8984,  85.3586,  82.9815,  74.5064,  97.2929,  82.7212,
        107.8137,  82.7289, 101.5213,  90.1188,  72.7272,  76.6031,  95.7819,
         82.9599, 107.7760,  78.2702, 100.4490,  99.7610, 111.4030,  99.3113,
         96.9943,  96.1566,  98.2632,  97.7583, 104.8979,  87.6605,  96.4365,
         79.5334,  93.8379,  84.0382,  71.0979])
tensor([ 71.7378, 109.4261,  66.0011,  76.8589,  72.3352,  78.9543, 103.7199,
        106.9967, 117.3306,  95.7271, 108.4296,  80.4432,  99.3749,  89.0898,
        106.4195,  97.8193, 118.9445,  88.5428,  65.3221, 127.5106,  60.2804,
         95.1481,  55.8801,  88.5584,  88.9590,  82.9672,  63.4352, 102.6671,
         87.7840,  96.8984,  85.3586,  82.9815,  77.0090, 110.2749,  85.4389,
        107.8137, 115.2041, 123.1552,  90.1188,  72.7272,  79.0648,  63.4685,
         82.9599, 107.7760,  60.4825, 100.4490,  99.7610,  82.6575, 114.3442,
         53.9311,  65.7347,  98.2632, 110.9154, 104.8979,  87.6605,  63.5786,
         59.6298,  93.8379,  64.0820,  95.1172])
tensor([ 71.7378,  88.4370,  66.0011,  92.0583,  99.5574,  94.6252, 103.7199,
        106.9967,  79.9935,  95.7271,  86.8633,  80.4432,  99.3749,  89.0898,
        106.4195,  78.4541, 108.8445, 112.5615,  65.3221,  89.2310,  60.2804,
         99.7909,  55.8801,  82.0877,  87.8011, 104.5622,  63.4352, 102.6671,
         87.7840,  78.5106,  79.9009,  99.1034, 105.6667,  92.7039, 110.3159,
        107.8137,  76.9550,  86.0339,  90.1188,  72.7272, 106.4272, 106.3933,
         82.9599, 107.7760,  60.4825,  85.6353,  99.7610, 107.5374, 114.3442,
         53.9311, 106.8187,  98.2632,  92.2974, 104.8979,  87.6605,  63.5786,
        102.6921,  73.6954,  64.0820,  95.1172])
tensor([ 71.7378, 115.0121,  66.0011,  76.7108, 103.4925,  79.4042,  90.3526,
         94.3749, 105.7579,  95.7271,  86.8633,  93.7274,  99.3749, 108.2523,
         91.2354,  78.4541, 112.8519, 114.7613,  88.1728,  89.2310,  60.2804,
         99.7909,  55.8801,  82.0877,  87.8011, 104.5622,  89.0409,  85.4805,
         87.7840,  78.5106,  79.9009,  99.1034, 108.2808, 102.7887, 113.1811,
        107.8137, 106.3179,  86.0339,  90.1188,  89.6065, 107.7937, 106.3933,
         78.8443, 101.8972,  60.4825,  85.6353,  99.7094, 110.7547, 114.3442,
         75.5284, 106.8187,  98.2632,  92.2974, 105.0529,  87.6605,  63.5786,
         87.1600,  73.6954,  86.3451,  83.4867])
tensor([111.5110, 115.0121,  66.0011,  76.7108, 122.6541,  79.4042,  90.3526,
         94.3749, 105.7579,  95.7271,  86.8633,  93.7274,  79.9949, 108.2523,
         86.2160,  93.3462, 129.1940, 114.7613, 109.0276,  89.2310,  60.2804,
         99.7909,  55.8801,  79.1720,  84.5618, 104.5622, 110.8186,  91.2958,
        121.8044,  78.5106,  77.1192, 118.0401, 126.3863, 102.7887, 129.1264,
        107.8137, 106.3179,  99.8847,  78.0175,  89.6065, 125.1789, 106.3933,
         86.4400,  90.5488,  60.4825, 101.0253,  99.7094, 110.7547, 114.3442,
         82.4712, 106.8187,  72.2727,  92.2974, 105.0529,  84.6228,  83.6498,
         93.0992,  89.8285,  91.5961,  75.7910])
tensor([ 93.8185, 115.0121,  79.2681,  76.7108, 122.6541,  79.4042,  90.3526,
        109.8685, 105.7579,  95.7271,  86.8633,  93.7274, 111.6399, 108.2523,
         86.2160,  93.3462, 129.1940, 114.7613,  91.4261, 105.7357,  75.9021,
         99.7909,  70.6954,  79.1720,  84.5618, 104.5622,  92.7635,  88.4912,
        121.8044, 100.2978,  77.1192, 118.0401, 106.5080, 115.7038, 109.4565,
        101.0392, 103.8701, 109.6482,  78.0175,  88.0772, 105.8304,  81.7767,
         84.2008,  90.5488,  76.0988, 101.0253,  99.3441, 104.1332, 114.3442,
         81.5338,  83.9258,  72.2727,  92.2974, 105.0529,  84.6228,  82.4261,
         89.0423, 101.5353,  91.5961, 107.8103])
