{
  "seed": 2,
  "event_records": [],
  "p_scores": [
    0.05952380952380952,
    0.23809523809523808,
    0.05952380952380952,
    0.15476190476190477,
    0.30952380952380953,
    0.21428571428571427,
    0.05952380952380952,
    0.25,
    0.2619047619047619,
    0.2261904761904762,
    0.05952380952380952,
    0.38095238095238093,
    0.27380952380952384,
    0.17857142857142858,
    0.32142857142857145,
    0.05952380952380952,
    0.34523809523809523,
    0.09523809523809523,
    0.047619047619047616,
    0.08333333333333333,
    0.08333333333333333,
    0.3333333333333333,
    0.36904761904761907,
    0.32142857142857145,
    0.34523809523809523,
    0.3333333333333333,
    0.34523809523809523,
    0.38095238095238093,
    0.11904761904761904,
    0.4166666666666667
  ],
  "g_scores": [
    0.19047619047619047,
    0.14285714285714285,
    0.2976190476190476,
    0.13095238095238096,
    0.21428571428571427,
    0.20238095238095238,
    0.11904761904761904,
    0.13095238095238096,
    0.08333333333333333,
    0.09523809523809523,
    0.13095238095238096,
    0.08333333333333333,
    0.21428571428571427,
    0.08333333333333333,
    0.17857142857142858,
    0.23809523809523808,
    0.15476190476190477,
    0.11904761904761904,
    0.2976190476190476,
    0.19047619047619047,
    0.14285714285714285,
    0.16666666666666666,
    0.21428571428571427,
    0.20238095238095238,
    0.13095238095238096,
    0.14285714285714285,
    0.14285714285714285,
    0.17857142857142858,
    0.08333333333333333,
    0.16666666666666666
  ],
  "forgetting_ratios": [
    0.0,
    0.0,
    0.0,
    0.0,
    0.0,
    0.0,
    0.0,
    0.0,
    0.0,
    0.0,
    0.0,
    0.0,
    0.0,
    0.0,
    0.0,
    0.0,
    0.0,
    0.0,
    0.0,
    0.0,
    0.0,
    0.0,
    0.0,
    0.0,
    0.0,
    0.0,
    0.0,
    0.0,
    0.0,
    0.0
  ],
  "retention": {},
  "detection": {
    "accuracy": {
      "mean": 1.0,
      "std": 0.0,
      "min": 1.0,
      "max": 1.0,
      "median": 1.0,
      "count": 1
    },
    "precision": {
      "mean": 0.0,
      "std": 0.0,
      "min": 0.0,
      "max": 0.0,
      "median": 0.0,
      "count": 1
    },
    "recall": {
      "mean": 0.0,
      "std": 0.0,
      "min": 0.0,
      "max": 0.0,
      "median": 0.0,
      "count": 1
    },
    "f1": {
      "mean": 0.0,
      "std": 0.0,
      "min": 0.0,
      "max": 0.0,
      "median": 0.0,
      "count": 1
    }
  },
  "overall_current": [
    0.05952380952380952,
    0.08333333333333333,
    0.23809523809523808,
    0.05952380952380952,
    0.30952380952380953,
    0.15476190476190477,
    0.30952380952380953,
    0.14285714285714285,
    0.21428571428571427,
    0.05952380952380952,
    0.2976190476190476,
    0.25,
    0.2619047619047619,
    0.10714285714285714,
    0.34523809523809523,
    0.40476190476190477,
    0.34523809523809523,
    0.2261904761904762,
    0.47619047619047616,
    0.05952380952380952,
    0.39285714285714285,
    0.38095238095238093,
    0.27380952380952384,
    0.17857142857142858,
    0.30952380952380953,
    0.35714285714285715,
    0.32142857142857145,
    0.32142857142857145,
    0.2619047619047619,
    0.2857142857142857,
    0.34523809523809523,
    0.05952380952380952,
    0.07142857142857142,
    0.34523809523809523,
    0.23809523809523808,
    0.34523809523809523,
    0.09523809523809523,
    0.047619047619047616,
    0.32142857142857145,
    0.08333333333333333,
    0.2976190476190476,
    0.08333333333333333,
    0.3333333333333333,
    0.19047619047619047,
    0.3333333333333333,
    0.36904761904761907,
    0.20238095238095238,
    0.32142857142857145,
    0.34523809523809523,
    0.3333333333333333,
    0.35714285714285715,
    0.34523809523809523,
    0.09523809523809523,
    0.38095238095238093,
    0.38095238095238093,
    0.20238095238095238,
    0.05952380952380952,
    0.11904761904761904,
    0.23809523809523808,
    0.4166666666666667
  ],
  "overall_old": [
    0.20238095238095238,
    0.19047619047619047,
    0.11904761904761904,
    0.16666666666666666,
    0.14285714285714285,
    0.14285714285714285,
    0.25,
    0.2976190476190476,
    0.14285714285714285,
    0.21428571428571427,
    0.13095238095238096,
    0.15476190476190477,
    0.15476190476190477,
    0.21428571428571427,
    0.20238095238095238,
    0.11904761904761904,
    0.13095238095238096,
    0.20238095238095238,
    0.08333333333333333,
    0.16666666666666666,
    0.09523809523809523,
    0.19047619047619047,
    0.11904761904761904,
    0.2619047619047619,
    0.13095238095238096,
    0.08333333333333333,
    0.15476190476190477,
    0.21428571428571427,
    0.08333333333333333,
    0.17857142857142858,
    0.23809523809523808,
    0.14285714285714285,
    0.15476190476190477,
    0.17857142857142858,
    0.11904761904761904,
    0.2976190476190476,
    0.11904761904761904,
    0.14285714285714285,
    0.19047619047619047,
    0.20238095238095238,
    0.14285714285714285,
    0.11904761904761904,
    0.17857142857142858,
    0.16666666666666666,
    0.21428571428571427,
    0.13095238095238096,
    0.20238095238095238,
    0.16666666666666666,
    0.19047619047619047,
    0.21428571428571427,
    0.13095238095238096,
    0.14285714285714285,
    0.14285714285714285,
    0.14285714285714285,
    0.2261904761904762,
    0.17857142857142858,
    0.08333333333333333,
    0.09523809523809523,
    0.16666666666666666,
    0.09523809523809523
  ],
  "stats": {
    "p_scores": {
      "mean": 0.22420634920634921,
      "std": 0.1241549484358214,
      "min": 0.047619047619047616,
      "max": 0.4166666666666667,
      "median": 0.24404761904761904,
      "count": 30
    },
    "g_scores": {
      "mean": 0.1623015873015873,
      "std": 0.05709180578506351,
      "min": 0.08333333333333333,
      "max": 0.2976190476190476,
      "median": 0.1488095238095238,
      "count": 30
    },
    "objective_aware": {
      "mean": 0.17969484126984128,
      "std": 0.09794005754174316,
      "min": 0.047619047619047616,
      "max": 0.4166666666666667,
      "median": 0.13575,
      "count": 60
    },
    "forgetting": {
      "mean": 0.0,
      "std": 0.0,
      "min": 0.0,
      "max": 0.0,
      "median": 0.0,
      "count": 30
    },
    "overall_current": {
      "mean": 0.24742063492063493,
      "std": 0.118523699164624,
      "min": 0.047619047619047616,
      "max": 0.47619047619047616,
      "median": 0.27976190476190477,
      "count": 60
    },
    "overall_old": {
      "mean": 0.16428571428571428,
      "std": 0.05006817290270011,
      "min": 0.08333333333333333,
      "max": 0.2976190476190476,
      "median": 0.15476190476190477,
      "count": 60
    },
    "overall_global": {
      "mean": 0.13506666666666667,
      "std": 0.0015188551293506588,
      "min": 0.13275,
      "max": 0.139,
      "median": 0.135,
      "count": 60
    },
    "across_time": {
      "local_all": {
        "mean": 0.5471891534391534,
        "std": 0.3903569322482359,
        "min": 0.24742063492063485,
        "max": 0.9885912698412699,
        "median": 0.40555555555555556,
        "count": 3
      },
      "global_all": {
        "mean": 0.17621944444444446,
        "std": 0.058451304717244315,
        "min": 0.1350666666666667,
        "max": 0.243125,
        "median": 0.15046666666666667,
        "count": 3
      },
      "objective_aware": {
        "mean": 0.3584967592592593,
        "std": 0.2281195533379208,
        "min": 0.17969484126984128,
        "max": 0.6154117063492064,
        "median": 0.2803837301587302,
        "count": 3
      },
      "objective_aware_old": {
        "mean": 0.381547619047619,
        "std": 0.2147785155004674,
        "min": 0.19325396825396826,
        "max": 0.6154761904761904,
        "median": 0.3359126984126985,
        "count": 3
      },
      "objective_aware_global": {
        "mean": 0.3584967592592593,
        "std": 0.2281195533379208,
        "min": 0.17969484126984128,
        "max": 0.6154117063492064,