{
  "seed": 1,
  "event_records": [],
  "p_scores": [
    0.2261904761904762,
    0.14285714285714285,
    0.42857142857142855,
    0.47619047619047616,
    0.40476190476190477,
    0.38095238095238093,
    0.38095238095238093,
    0.39285714285714285,
    0.23809523809523808,
    0.3333333333333333,
    0.40476190476190477,
    0.39285714285714285,
    0.4523809523809524,
    0.16666666666666666,
    0.5119047619047619,
    0.42857142857142855,
    0.2976190476190476,
    0.42857142857142855,
    0.36904761904761907,
    0.36904761904761907,
    0.32142857142857145,
    0.5,
    0.40476190476190477,
    0.4523809523809524,
    0.17857142857142858,
    0.35714285714285715,
    0.39285714285714285,
    0.47619047619047616,
    0.39285714285714285,
    0.36904761904761907
  ],
  "g_scores": [
    0.15476190476190477,
    0.2976190476190476,
    0.11904761904761904,
    0.19047619047619047,
    0.15476190476190477,
    0.30952380952380953,
    0.19047619047619047,
    0.17857142857142858,
    0.27380952380952384,
    0.11904761904761904,
    0.23809523809523808,
    0.14285714285714285,
    0.09523809523809523,
    0.21428571428571427,
    0.13095238095238096,
    0.27380952380952384,
    0.30952380952380953,
    0.23809523809523808,
    0.3333333333333333,
    0.39285714285714285,
    0.20238095238095238,
    0.21428571428571427,
    0.2261904761904762,
    0.21428571428571427,
    0.08333333333333333,
    0.27380952380952384,
    0.3333333333333333,
    0.13095238095238096,
    0.35714285714285715,
    0.21428571428571427
  ],
  "forgetting_ratios": [
    0.0,
    0.0,
    0.0,
    0.0,
    0.0,
    0.0,
    0.0,
    0.0,
    0.0,
    0.0,
    0.0,
    0.0,
    0.0,
    0.0,
    0.0,
    0.0,
    0.0,
    0.0,
    0.0,
    0.0,
    0.0,
    0.0,
    0.0,
    0.0,
    0.0,
    0.0,
    0.0,
    0.0,
    0.0,
    0.0
  ],
  "retention": {},
  "detection": {
    "accuracy": {
      "mean": 1.0,
      "std": 0.0,
      "min": 1.0,
      "max": 1.0,
      "median": 1.0,
      "count": 1
    },
    "precision": {
      "mean": 0.0,
      "std": 0.0,
      "min": 0.0,
      "max": 0.0,
      "median": 0.0,
      "count": 1
    },
    "recall": {
      "mean": 0.0,
      "std": 0.0,
      "min": 0.0,
      "max": 0.0,
      "median": 0.0,
      "count": 1
    },
    "f1": {
      "mean": 0.0,
      "std": 0.0,
      "min": 0.0,
      "max": 0.0,
      "median": 0.0,
      "count": 1
    }
  },
  "overall_current": [
    0.2261904761904762,
    0.14285714285714285,
    0.4166666666666667,
    0.42857142857142855,
    0.47619047619047616,
    0.40476190476190477,
    0.38095238095238093,
    0.38095238095238093,
    0.39285714285714285,
    0.3333333333333333,
    0.40476190476190477,
    0.23809523809523808,
    0.3333333333333333,
    0.36904761904761907,
    0.47619047619047616,
    0.40476190476190477,
    0.4166666666666667,
    0.34523809523809523,
    0.39285714285714285,
    0.36904761904761907,
    0.4523809523809524,
    0.16666666666666666,
    0.36904761904761907,
    0.5119047619047619,
    0.42857142857142855,
    0.2976190476190476,
    0.42857142857142855,
    0.36904761904761907,
    0.36904761904761907,
    0.32142857142857145,
    0.4523809523809524,
    0.32142857142857145,
    0.5,
    0.40476190476190477,
    0.4523809523809524,
    0.4166666666666667,
    0.2976190476190476,
    0.38095238095238093,
    0.35714285714285715,
    0.4523809523809524,
    0.17857142857142858,
    0.3333333333333333,
    0.35714285714285715,
    0.2261904761904762,
    0.44047619047619047,
    0.4523809523809524,
    0.39285714285714285,
    0.36904761904761907,
    0.47619047619047616,
    0.2619047619047619,
    0.4166666666666667,
    0.35714285714285715,
    0.25,
    0.5357142857142857,
    0.30952380952380953,
    0.44047619047619047,
    0.42857142857142855,
    0.35714285714285715,
    0.39285714285714285,
    0.36904761904761907
  ],
  "overall_old": [
    0.32142857142857145,
    0.20238095238095238,
    0.15476190476190477,
    0.2857142857142857,
    0.21428571428571427,
    0.17857142857142858,
    0.27380952380952384,
    0.21428571428571427,
    0.35714285714285715,
    0.2976190476190476,
    0.11904761904761904,
    0.17857142857142858,
    0.15476190476190477,
    0.19047619047619047,
    0.15476190476190477,
    0.17857142857142858,
    0.30952380952380953,
    0.19047619047619047,
    0.2857142857142857,
    0.17857142857142858,
    0.34523809523809523,
    0.27380952380952384,
    0.27380952380952384,
    0.14285714285714285,
    0.08333333333333333,
    0.2976190476190476,
    0.17857142857142858,
    0.23809523809523808,
    0.10714285714285714,
    0.11904761904761904,
    0.23809523809523808,
    0.19047619047619047,
    0.13095238095238096,
    0.35714285714285715,
    0.14285714285714285,
    0.09523809523809523,
    0.21428571428571427,
    0.13095238095238096,
    0.27380952380952384,
    0.20238095238095238,
    0.14285714285714285,
    0.30952380952380953,
    0.13095238095238096,
    0.23809523809523808,
    0.3333333333333333,
    0.39285714285714285,
    0.20238095238095238,
    0.20238095238095238,
    0.17857142857142858,
    0.21428571428571427,
    0.2261904761904762,
    0.21428571428571427,
    0.08333333333333333,
    0.27380952380952384,
    0.3333333333333333,
    0.13095238095238096,
    0.35714285714285715,
    0.21428571428571427,
    0.11904761904761904,
    0.14285714285714285
  ],
  "stats": {
    "p_scores": {
      "mean": 0.36904761904761907,
      "std": 0.09580088232712862,
      "min": 0.14285714285714285,
      "max": 0.5119047619047619,
      "median": 0.39285714285714285,
      "count": 30
    },
    "g_scores": {
      "mean": 0.22023809523809523,
      "std": 0.08192869681208252,
      "min": 0.08333333333333333,
      "max": 0.39285714285714285,
      "median": 0.21428571428571427,
      "count": 30
    },
    "objective_aware": {
      "mean": 0.2629488095238095,
      "std": 0.1265542511475298,
      "min": 0.1405,
      "max": 0.5119047619047619,
      "median": 0.16825,
      "count": 60
    },
    "forgetting": {
      "mean": 0.0,
      "std": 0.0,
      "min": 0.0,
      "max": 0.0,
      "median": 0.0,
      "count": 30
    },
    "overall_current": {
      "mean": 0.3738095238095238,
      "std": 0.08332468535780112,
      "min": 0.14285714285714285,
      "max": 0.5357142857142857,
      "median": 0.38095238095238093,
      "count": 60
    },
    "overall_old": {
      "mean": 0.2152777777777778,
      "std": 0.07894570730863726,
      "min": 0.08333333333333333,
      "max": 0.39285714285714285,
      "median": 0.20238095238095238,
      "count": 60
    },
    "overall_global": {
      "mean": 0.1570375,
      "std": 0.01172783023916377,
      "min": 0.13825,
      "max": 0.16925,
      "median": 0.1655,
      "count": 60
    },
    "across_time": {
      "local_all": {
        "mean": 0.48454034391534395,
        "std": 0.2514136181371977,
        "min": 0.2948412698412699,
        "max": 0.9778769841269842,
        "median": 0.41914682539682535,
        "count": 6
      },
      "global_all": {
        "mean": 0.18684930555555557,
        "std": 0.04200264074177249,
        "min": 0.14480416666666668,
        "max": 0.2438,
        "median": 0.17003958333333336,
        "count": 6
      },
      "objective_aware": {
        "mean": 0.3388238095238095,
        "std": 0.13681016436261068,
        "min": 0.2314529761904762,
        "max": 0.6017323412698413,
        "median": 0.29564543650793645,
        "count": 6
      },
      "objective_aware_old": {
        "mean": 0.3531415343915344,
        "std": 0.12113665871058309,
        "min": 0.25873015873015875,
        "max": 0.5890873015873016,
        "median": 0.30873015873015874,
        "count": 6
      },
      "objective_aware_global": {
        "mean": 0.3388238095238095,
        "std": 0.13681016436261068,
        "min": 0.2314529761904762,
        "max": 0.6017323412698413,
        "median": 0.29564543650793645,