{
  "seed": 2,
  "event_records": [],
  "p_scores": [
    0.39285714285714285,
    0.10714285714285714,
    0.13095238095238096,
    0.2857142857142857,
    0.21428571428571427,
    0.30952380952380953,
    0.35714285714285715,
    0.2261904761904762,
    0.30952380952380953,
    0.2976190476190476,
    0.16666666666666666,
    0.2619047619047619,
    0.35714285714285715,
    0.2857142857142857,
    0.5357142857142857,
    0.2857142857142857,
    0.25,
    0.2976190476190476,
    0.32142857142857145,
    0.38095238095238093,
    0.27380952380952384,
    0.39285714285714285,
    0.40476190476190477,
    0.35714285714285715,
    0.4166666666666667,
    0.23809523809523808,
    0.47619047619047616,
    0.32142857142857145,
    0.32142857142857145,
    0.09523809523809523
  ],
  "g_scores": [
    0.14285714285714285,
    0.10714285714285714,
    0.21428571428571427,
    0.20238095238095238,
    0.10714285714285714,
    0.2619047619047619,
    0.14285714285714285,
    0.23809523809523808,
    0.07142857142857142,
    0.2976190476190476,
    0.25,
    0.19047619047619047,
    0.07142857142857142,
    0.38095238095238093,
    0.15476190476190477,
    0.36904761904761907,
    0.2976190476190476,
    0.32142857142857145,
    0.25,
    0.23809523809523808,
    0.2857142857142857,
    0.36904761904761907,
    0.17857142857142858,
    0.13095238095238096,
    0.44047619047619047,
    0.14285714285714285,
    0.3333333333333333,
    0.4166666666666667,
    0.15476190476190477,
    0.32142857142857145
  ],
  "forgetting_ratios": [
    0.0,
    0.0,
    0.0,
    0.0,
    0.0,
    0.0,
    0.0,
    0.0,
    0.0,
    0.0,
    0.0,
    0.0,
    0.0,
    0.0,
    0.0,
    0.0,
    0.0,
    0.0,
    0.0,
    0.0,
    0.0,
    0.0,
    0.0,
    0.0,
    0.0,
    0.0,
    0.0,
    0.0,
    0.0,
    0.0
  ],
  "retention": {},
  "detection": {
    "accuracy": {
      "mean": 1.0,
      "std": 0.0,
      "min": 1.0,
      "max": 1.0,
      "median": 1.0,
      "count": 1
    },
    "precision": {
      "mean": 0.0,
      "std": 0.0,
      "min": 0.0,
      "max": 0.0,
      "median": 0.0,
      "count": 1
    },
    "recall": {
      "mean": 0.0,
      "std": 0.0,
      "min": 0.0,
      "max": 0.0,
      "median": 0.0,
      "count": 1
    },
    "f1": {
      "mean": 0.0,
      "std": 0.0,
      "min": 0.0,
      "max": 0.0,
      "median": 0.0,
      "count": 1
    }
  },
  "overall_current": [
    0.39285714285714285,
    0.35714285714285715,
    0.10714285714285714,
    0.13095238095238096,
    0.2976190476190476,
    0.2857142857142857,
    0.21428571428571427,
    0.2619047619047619,
    0.30952380952380953,
    0.35714285714285715,
    0.25,
    0.2261904761904762,
    0.30952380952380953,
    0.4523809523809524,
    0.27380952380952384,
    0.20238095238095238,
    0.32142857142857145,
    0.2976190476190476,
    0.44047619047619047,
    0.16666666666666666,
    0.4642857142857143,
    0.2619047619047619,
    0.35714285714285715,
    0.2857142857142857,
    0.2857142857142857,
    0.27380952380952384,
    0.5357142857142857,
    0.5357142857142857,
    0.3333333333333333,
    0.34523809523809523,
    0.20238095238095238,
    0.2857142857142857,
    0.44047619047619047,
    0.25,
    0.2857142857142857,
    0.2857142857142857,
    0.2976190476190476,
    0.32142857142857145,
    0.32142857142857145,
    0.38095238095238093,
    0.09523809523809523,
    0.27380952380952384,
    0.39285714285714285,
    0.27380952380952384,
    0.30952380952380953,
    0.40476190476190477,
    0.2857142857142857,
    0.35714285714285715,
    0.4166666666666667,
    0.23809523809523808,
    0.21428571428571427,
    0.47619047619047616,
    0.2619047619047619,
    0.19047619047619047,
    0.32142857142857145,
    0.21428571428571427,
    0.35714285714285715,
    0.32142857142857145,
    0.5,
    0.09523809523809523
  ],
  "overall_old": [
    0.05952380952380952,
    0.14285714285714285,
    0.15476190476190477,
    0.2261904761904762,
    0.10714285714285714,
    0.20238095238095238,
    0.23809523809523808,
    0.21428571428571427,
    0.34523809523809523,
    0.16666666666666666,
    0.20238095238095238,
    0.19047619047619047,
    0.21428571428571427,
    0.10714285714285714,
    0.2619047619047619,
    0.14285714285714285,
    0.23809523809523808,
    0.13095238095238096,
    0.07142857142857142,
    0.2976190476190476,
    0.2976190476190476,
    0.2261904761904762,
    0.2619047619047619,
    0.23809523809523808,
    0.25,
    0.19047619047619047,
    0.19047619047619047,
    0.07142857142857142,
    0.38095238095238093,
    0.15476190476190477,
    0.36904761904761907,
    0.30952380952380953,
    0.2976190476190476,
    0.2261904761904762,
    0.32142857142857145,
    0.25,
    0.21428571428571427,
    0.23809523809523808,
    0.23809523809523808,
    0.27380952380952384,
    0.2857142857142857,
    0.21428571428571427,
    0.23809523809523808,
    0.36904761904761907,
    0.17857142857142858,
    0.2261904761904762,
    0.13095238095238096,
    0.2976190476190476,
    0.20238095238095238,
    0.2619047619047619,
    0.44047619047619047,
    0.10714285714285714,
    0.14285714285714285,
    0.3333333333333333,
    0.17857142857142858,
    0.4166666666666667,
    0.15476190476190477,
    0.17857142857142858,
    0.32142857142857145,
    0.16666666666666666
  ],
  "stats": {
    "p_scores": {
      "mean": 0.30238095238095236,
      "std": 0.10060805050498356,
      "min": 0.09523809523809523,
      "max": 0.5357142857142857,
      "median": 0.3035714285714286,
      "count": 30
    },
    "g_scores": {
      "mean": 0.2361111111111111,
      "std": 0.10350432556865087,
      "min": 0.07142857142857142,
      "max": 0.44047619047619047,
      "median": 0.23809523809523808,
      "count": 30
    },
    "objective_aware": {
      "mean": 0.22771964285714286,
      "std": 0.1032684746693288,
      "min": 0.09523809523809523,
      "max": 0.5357142857142857,
      "median": 0.1615,
      "count": 60
    },
    "forgetting": {
      "mean": 0.0,
      "std": 0.0,
      "min": 0.0,
      "max": 0.0,
      "median": 0.0,
      "count": 30
    },
    "overall_current": {
      "mean": 0.30674603174603177,
      "std": 0.09939395766261039,
      "min": 0.09523809523809523,
      "max": 0.5357142857142857,
      "median": 0.2976190476190476,
      "count": 60
    },
    "overall_old": {
      "mean": 0.2259920634920635,
      "std": 0.08459189321809633,
      "min": 0.05952380952380952,
      "max": 0.44047619047619047,
      "median": 0.2261904761904762,
      "count": 60
    },
    "overall_global": {
      "mean": 0.15268333333333334,
      "std": 0.005992203031869106,
      "min": 0.1465,
      "max": 0.16225,
      "median": 0.15075,
      "count": 60
    },
    "across_time": {
      "local_all": {
        "mean": 0.5001984126984127,
        "std": 0.2580249848254132,
        "min": 0.30674603174603177,
        "max": 0.9569444444444445,
        "median": 0.38224206349206347,
        "count": 6
      },
      "global_all": {
        "mean": 0.17674930555555557,
        "std": 0.048743691003203096,
        "min": 0.13371249999999998,
        "max": 0.2406666666666667,
        "median": 0.15572083333333334,
        "count": 6
      },
      "objective_aware": {
        "mean": 0.3411022486772487,
        "std": 0.13988711106332322,
        "min": 0.22771964285714288,
        "max": 0.5980271825396826,
        "median": 0.29134365079365077,
        "count": 6
      },
      "objective_aware_old": {
        "mean": 0.35939153439153443,
        "std": 0.12976267333073366,
        "min": 0.26924603174603173,
        "max": 0.601388888888889,
        "median": 0.30228174603174607,
        "count": 6
      },
      "objective_aware_global": {
        "mean": 0.3411022486772487,
        "std": 0.13988711106332322,
        "min": 0.22771964285714288,
        "max": 0.5980271825396826,
        "median": 0.29134365079365077,
        "count": 6
      },