{
  "seed": 2,
  "event_records": [],
  "p_scores": [
    0.40476190476190477,
    0.13095238095238096,
    0.10714285714285714,
    0.6428571428571429,
    0.34523809523809523,
    0.19047619047619047,
    0.6309523809523809,
    0.25,
    0.10714285714285714,
    0.27380952380952384,
    0.5714285714285714,
    0.23809523809523808,
    0.25,
    0.6309523809523809,
    0.42857142857142855,
    0.2261904761904762,
    0.5357142857142857,
    0.5595238095238095,
    0.40476190476190477,
    0.4880952380952381,
    0.08333333333333333,
    0.5833333333333334,
    0.21428571428571427,
    0.6071428571428571,
    0.13095238095238096,
    0.5119047619047619,
    0.5119047619047619,
    0.42857142857142855,
    0.2261904761904762,
    0.4166666666666667
  ],
  "g_scores": [
    0.20238095238095238,
    0.13095238095238096,
    0.07142857142857142,
    0.21428571428571427,
    0.14285714285714285,
    0.19047619047619047,
    0.05952380952380952,
    0.14285714285714285,
    0.32142857142857145,
    0.16666666666666666,
    0.3333333333333333,
    0.16666666666666666,
    0.20238095238095238,
    0.30952380952380953,
    0.2619047619047619,
    0.21428571428571427,
    0.2857142857142857,
    0.15476190476190477,
    0.23809523809523808,
    0.2976190476190476,
    0.17857142857142858,
    0.2619047619047619,
    0.17857142857142858,
    0.21428571428571427,
    0.17857142857142858,
    0.14285714285714285,
    0.15476190476190477,
    0.23809523809523808,
    0.20238095238095238,
    0.08333333333333333
  ],
  "forgetting_ratios": [
    0.0,
    0.0,
    0.0,
    0.0,
    0.0,
    0.0,
    0.0,
    0.0,
    0.0,
    0.0,
    0.0,
    0.0,
    0.0,
    0.0,
    0.0,
    0.0,
    0.0,
    0.0,
    0.0,
    0.0,
    0.0,
    0.0,
    0.0,
    0.0,
    0.0,
    0.0,
    0.0,
    0.0,
    0.0,
    0.0
  ],
  "retention": {},
  "detection": {
    "accuracy": {
      "mean": 1.0,
      "std": 0.0,
      "min": 1.0,
      "max": 1.0,
      "median": 1.0,
      "count": 1
    },
    "precision": {
      "mean": 0.0,
      "std": 0.0,
      "min": 0.0,
      "max": 0.0,
      "median": 0.0,
      "count": 1
    },
    "recall": {
      "mean": 0.0,
      "std": 0.0,
      "min": 0.0,
      "max": 0.0,
      "median": 0.0,
      "count": 1
    },
    "f1": {
      "mean": 0.0,
      "std": 0.0,
      "min": 0.0,
      "max": 0.0,
      "median": 0.0,
      "count": 1
    }
  },
  "overall_current": [
    0.40476190476190477,
    0.5476190476190477,
    0.13095238095238096,
    0.10714285714285714,
    0.5357142857142857,
    0.6428571428571429,
    0.34523809523809523,
    0.5357142857142857,
    0.19047619047619047,
    0.6309523809523809,
    0.15476190476190477,
    0.25,
    0.10714285714285714,
    0.13095238095238096,
    0.25,
    0.4642857142857143,
    0.09523809523809523,
    0.27380952380952384,
    0.13095238095238096,
    0.5714285714285714,
    0.17857142857142858,
    0.23809523809523808,
    0.25,
    0.6309523809523809,
    0.34523809523809523,
    0.23809523809523808,
    0.42857142857142855,
    0.05952380952380952,
    0.10714285714285714,
    0.4166666666666667,
    0.5119047619047619,
    0.2261904761904762,
    0.4880952380952381,
    0.5357142857142857,
    0.2619047619047619,
    0.10714285714285714,
    0.5595238095238095,
    0.40476190476190477,
    0.32142857142857145,
    0.4880952380952381,
    0.30952380952380953,
    0.08333333333333333,
    0.5833333333333334,
    0.23809523809523808,
    0.05952380952380952,
    0.21428571428571427,
    0.2261904761904762,
    0.6071428571428571,
    0.13095238095238096,
    0.5119047619047619,
    0.4166666666666667,
    0.5119047619047619,
    0.11904761904761904,
    0.34523809523809523,
    0.42857142857142855,
    0.2857142857142857,
    0.36904761904761907,
    0.2261904761904762,
    0.3333333333333333,
    0.4166666666666667
  ],
  "overall_old": [
    0.27380952380952384,
    0.20238095238095238,
    0.11904761904761904,
    0.23809523809523808,
    0.13095238095238096,
    0.2857142857142857,
    0.25,
    0.07142857142857142,
    0.35714285714285715,
    0.16666666666666666,
    0.21428571428571427,
    0.10714285714285714,
    0.13095238095238096,
    0.14285714285714285,
    0.19047619047619047,
    0.05952380952380952,
    0.14285714285714285,
    0.25,
    0.32142857142857145,
    0.16666666666666666,
    0.16666666666666666,
    0.2619047619047619,
    0.27380952380952384,
    0.17857142857142858,
    0.3333333333333333,
    0.16666666666666666,
    0.11904761904761904,
    0.20238095238095238,
    0.30952380952380953,
    0.2619047619047619,
    0.21428571428571427,
    0.19047619047619047,
    0.2857142857142857,
    0.15476190476190477,
    0.15476190476190477,
    0.23809523809523808,
    0.20238095238095238,
    0.10714285714285714,
    0.2976190476190476,
    0.17857142857142858,
    0.17857142857142858,
    0.25,
    0.23809523809523808,
    0.2619047619047619,
    0.17857142857142858,
    0.2857142857142857,
    0.21428571428571427,
    0.17857142857142858,
    0.3333333333333333,
    0.38095238095238093,
    0.17857142857142858,
    0.09523809523809523,
    0.14285714285714285,
    0.15476190476190477,
    0.35714285714285715,
    0.23809523809523808,
    0.20238095238095238,
    0.2976190476190476,
    0.08333333333333333,
    0.21428571428571427
  ],
  "stats": {
    "p_scores": {
      "mean": 0.37103174603174605,
      "std": 0.18294008464328237,
      "min": 0.08333333333333333,
      "max": 0.6428571428571429,
      "median": 0.40476190476190477,
      "count": 30
    },
    "g_scores": {
      "mean": 0.198015873015873,
      "std": 0.07063622748678829,
      "min": 0.05952380952380952,
      "max": 0.3333333333333333,
      "median": 0.19642857142857142,
      "count": 30
    },
    "objective_aware": {
      "mean": 0.2587700396825397,
      "std": 0.1710759094409699,
      "min": 0.08333333333333333,
      "max": 0.6428571428571429,
      "median": 0.147625,
      "count": 60
    },
    "forgetting": {
      "mean": 0.0,
      "std": 0.0,
      "min": 0.0,
      "max": 0.0,
      "median": 0.0,
      "count": 30
    },
    "overall_current": {
      "mean": 0.32857142857142857,
      "std": 0.17297804366359465,
      "min": 0.05952380952380952,
      "max": 0.6428571428571429,
      "median": 0.31547619047619047,
      "count": 60
    },
    "overall_old": {
      "mean": 0.20972222222222223,
      "std": 0.07596224349257112,
      "min": 0.05952380952380952,
      "max": 0.38095238095238093,
      "median": 0.20238095238095238,
      "count": 60
    },
    "overall_global": {
      "mean": 0.14619583333333333,
      "std": 0.0018765342122427505,
      "min": 0.142,
      "max": 0.14975,
      "median": 0.14675,
      "count": 60
    },
    "across_time": {
      "local_all": {
        "mean": 0.6166666666666667,
        "std": 0.3191446512993925,
        "min": 0.32857142857142857,
        "max": 0.9597222222222223,
        "median": 0.5617063492063493,
        "count": 3
      },
      "global_all": {
        "mean": 0.1774513888888889,
        "std": 0.05519322707375257,
        "min": 0.1449791666666667,
        "max": 0.24117916666666667,
        "median": 0.14619583333333336,
        "count": 3
      },
      "objective_aware": {
        "mean": 0.40486977513227507,
        "std": 0.16806440046371698,
        "min": 0.2587700396825397,
        "max": 0.5885396825396824,
        "median": 0.3672996031746031,
        "count": 3
      },
      "objective_aware_old": {
        "mean": 0.4215608465608465,
        "std": 0.14815654797143152,
        "min": 0.28452380952380957,
        "max": 0.5787698412698411,
        "median": 0.40138888888888885,
        "count": 3
      },
      "objective_aware_global": {
        "mean": 0.40486977513227507,
        "std": 0.16806440046371698,
        "min": 0.2587700396825397,
        "max": 0.5885396825396824,
        "median": 0.3672996031746031,
        "count": 3
      }
    },