{
  "seed": 2,
  "event_records": [],
  "p_scores": [
    0.34523809523809523,
    0.2976190476190476,
    0.3333333333333333,
    0.2976190476190476,
    0.32142857142857145,
    0.38095238095238093,
    0.42857142857142855,
    0.3333333333333333,
    0.35714285714285715,
    0.30952380952380953,
    0.21428571428571427,
    0.35714285714285715,
    0.34523809523809523,
    0.32142857142857145,
    0.36904761904761907,
    0.35714285714285715,
    0.38095238095238093,
    0.38095238095238093,
    0.39285714285714285,
    0.25,
    0.32142857142857145,
    0.38095238095238093,
    0.42857142857142855,
    0.40476190476190477,
    0.2976190476190476,
    0.32142857142857145,
    0.4166666666666667,
    0.44047619047619047,
    0.2261904761904762,
    0.27380952380952384
  ],
  "g_scores": [
    0.2261904761904762,
    0.27380952380952384,
    0.21428571428571427,
    0.2261904761904762,
    0.27380952380952384,
    0.2857142857142857,
    0.14285714285714285,
    0.16666666666666666,
    0.25,
    0.3333333333333333,
    0.19047619047619047,
    0.21428571428571427,
    0.25,
    0.25,
    0.2261904761904762,
    0.21428571428571427,
    0.17857142857142858,
    0.25,
    0.21428571428571427,
    0.13095238095238096,
    0.20238095238095238,
    0.30952380952380953,
    0.15476190476190477,
    0.2857142857142857,
    0.20238095238095238,
    0.19047619047619047,
    0.19047619047619047,
    0.2261904761904762,
    0.21428571428571427,
    0.19047619047619047
  ],
  "forgetting_ratios": [
    0.0,
    0.0,
    0.0,
    0.0,
    0.0,
    0.0,
    0.0,
    0.0,
    0.0,
    0.0,
    0.0,
    0.0,
    0.0,
    0.0,
    0.0,
    0.0,
    0.0,
    0.0,
    0.0,
    0.0,
    0.0,
    0.0,
    0.0,
    0.0,
    0.0,
    0.0,
    0.0,
    0.0,
    0.0,
    0.0
  ],
  "retention": {},
  "detection": {
    "accuracy": {
      "mean": 1.0,
      "std": 0.0,
      "min": 1.0,
      "max": 1.0,
      "median": 1.0,
      "count": 1
    },
    "precision": {
      "mean": 0.0,
      "std": 0.0,
      "min": 0.0,
      "max": 0.0,
      "median": 0.0,
      "count": 1
    },
    "recall": {
      "mean": 0.0,
      "std": 0.0,
      "min": 0.0,
      "max": 0.0,
      "median": 0.0,
      "count": 1
    },
    "f1": {
      "mean": 0.0,
      "std": 0.0,
      "min": 0.0,
      "max": 0.0,
      "median": 0.0,
      "count": 1
    }
  },
  "overall_current": [
    0.34523809523809523,
    0.30952380952380953,
    0.2976190476190476,
    0.3333333333333333,
    0.21428571428571427,
    0.2976190476190476,
    0.32142857142857145,
    0.42857142857142855,
    0.38095238095238093,
    0.42857142857142855,
    0.36904761904761907,
    0.3333333333333333,
    0.35714285714285715,
    0.25,
    0.2857142857142857,
    0.2619047619047619,
    0.39285714285714285,
    0.30952380952380953,
    0.3333333333333333,
    0.21428571428571427,
    0.2857142857142857,
    0.35714285714285715,
    0.34523809523809523,
    0.32142857142857145,
    0.30952380952380953,
    0.4166666666666667,
    0.36904761904761907,
    0.2976190476190476,
    0.35714285714285715,
    0.38095238095238093,
    0.20238095238095238,
    0.35714285714285715,
    0.39285714285714285,
    0.38095238095238093,
    0.2619047619047619,
    0.20238095238095238,
    0.38095238095238093,
    0.39285714285714285,
    0.27380952380952384,
    0.25,
    0.44047619047619047,
    0.32142857142857145,
    0.38095238095238093,
    0.30952380952380953,
    0.4523809523809524,
    0.42857142857142855,
    0.2619047619047619,
    0.40476190476190477,
    0.2976190476190476,
    0.32142857142857145,
    0.2619047619047619,
    0.4166666666666667,
    0.32142857142857145,
    0.36904761904761907,
    0.44047619047619047,
    0.25,
    0.2619047619047619,
    0.2261904761904762,
    0.35714285714285715,
    0.27380952380952384
  ],
  "overall_old": [
    0.19047619047619047,
    0.2261904761904762,
    0.20238095238095238,
    0.2261904761904762,
    0.27380952380952384,
    0.14285714285714285,
    0.2261904761904762,
    0.21428571428571427,
    0.25,
    0.19047619047619047,
    0.2261904761904762,
    0.21428571428571427,
    0.16666666666666666,
    0.27380952380952384,
    0.2857142857142857,
    0.14285714285714285,
    0.16666666666666666,
    0.25,
    0.25,
    0.21428571428571427,
    0.3333333333333333,
    0.23809523809523808,
    0.11904761904761904,
    0.20238095238095238,
    0.19047619047619047,
    0.21428571428571427,
    0.25,
    0.25,
    0.25,
    0.2261904761904762,
    0.21428571428571427,
    0.17857142857142858,
    0.17857142857142858,
    0.27380952380952384,
    0.25,
    0.21428571428571427,
    0.2619047619047619,
    0.21428571428571427,
    0.13095238095238096,
    0.25,
    0.20238095238095238,
    0.23809523809523808,
    0.10714285714285714,
    0.30952380952380953,
    0.15476190476190477,
    0.25,
    0.2857142857142857,
    0.2261904761904762,
    0.2261904761904762,
    0.25,
    0.20238095238095238,
    0.23809523809523808,
    0.19047619047619047,
    0.19047619047619047,
    0.35714285714285715,
    0.2261904761904762,
    0.21428571428571427,
    0.19047619047619047,
    0.19047619047619047,
    0.17857142857142858
  ],
  "stats": {
    "p_scores": {
      "mean": 0.34285714285714286,
      "std": 0.05751112856234982,
      "min": 0.21428571428571427,
      "max": 0.44047619047619047,
      "median": 0.34523809523809523,
      "count": 30
    },
    "g_scores": {
      "mean": 0.2226190476190476,
      "std": 0.047634439220253004,
      "min": 0.13095238095238096,
      "max": 0.3333333333333333,
      "median": 0.21428571428571427,
      "count": 30
    },
    "objective_aware": {
      "mean": 0.25129523809523807,
      "std": 0.10080009821686872,
      "min": 0.15075,
      "max": 0.44047619047619047,
      "median": 0.19051785714285713,
      "count": 60
    },
    "forgetting": {
      "mean": 0.0,
      "std": 0.0,
      "min": 0.0,
      "max": 0.0,
      "median": 0.0,
      "count": 30
    },
    "overall_current": {
      "mean": 0.32996031746031745,
      "std": 0.06531886104534149,
      "min": 0.20238095238095238,
      "max": 0.4523809523809524,
      "median": 0.3273809523809524,
      "count": 60
    },
    "overall_old": {
      "mean": 0.22003968253968254,
      "std": 0.04774457157832572,
      "min": 0.10714285714285714,
      "max": 0.35714285714285715,
      "median": 0.22023809523809523,
      "count": 60
    },
    "overall_global": {
      "mean": 0.15848333333333334,
      "std": 0.0053012763626740286,
      "min": 0.15,
      "max": 0.16675,
      "median": 0.15725,
      "count": 60
    },
    "across_time": {
      "local_all": {
        "mean": 0.49338624338624343,
        "std": 0.2506504723236247,
        "min": 0.30357142857142855,
        "max": 0.9684523809523812,
        "median": 0.394345238095238,
        "count": 6
      },
      "global_all": {
        "mean": 0.1852673611111111,
        "std": 0.04956161495053032,
        "min": 0.14109583333333334,
        "max": 0.2542041666666667,
        "median": 0.16621249999999999,
        "count": 6
      },
      "objective_aware": {
        "mean": 0.34104705687830683,
        "std": 0.13347595226178516,
        "min": 0.21818789682539685,
        "max": 0.5907613095238095,
        "median": 0.308462996031746,
        "count": 6
      },
      "objective_aware_old": {
        "mean": 0.354728835978836,
        "std": 0.12117077733237289,
        "min": 0.24742063492063487,
        "max": 0.5795634920634921,
        "median": 0.31061507936507937,
        "count": 6
      },
      "objective_aware_global": {
        "mean": 0.34104705687830683,
        "std": 0.13347595226178516,
        "min": 0.21818789682539685,
        "max": 0.5907613095238095,
        "median": 0.308462996031746,
        "count": 6
      }
    },
    "objective_aware_old": {
      "mean": 0.28273809523809523,
      "std": 0.08010358915541894,
      "min": 0.13095238095238096,
      "max": 0.44047619047619047,