{
  "seed": 1,
  "event_records": [],
  "p_scores": [
    0.05952380952380952,
    0.5714285714285714,
    0.47619047619047616,
    0.39285714285714285,
    0.47619047619047616,
    0.44047619047619047,
    0.5595238095238095,
    0.5714285714285714,
    0.4880952380952381,
    0.5119047619047619,
    0.16666666666666666,
    0.4166666666666667,
    0.44047619047619047,
    0.47619047619047616,
    0.15476190476190477,
    0.16666666666666666,
    0.19047619047619047,
    0.19047619047619047,
    0.17857142857142858,
    0.10714285714285714,
    0.15476190476190477,
    0.15476190476190477,
    0.2619047619047619,
    0.19047619047619047,
    0.5119047619047619,
    0.42857142857142855,
    0.19047619047619047,
    0.39285714285714285,
    0.11904761904761904,
    0.5238095238095238
  ],
  "g_scores": [
    0.13095238095238096,
    0.07142857142857142,
    0.14285714285714285,
    0.21428571428571427,
    0.17857142857142858,
    0.16666666666666666,
    0.14285714285714285,
    0.21428571428571427,
    0.11904761904761904,
    0.14285714285714285,
    0.14285714285714285,
    0.30952380952380953,
    0.23809523809523808,
    0.14285714285714285,
    0.15476190476190477,
    0.11904761904761904,
    0.13095238095238096,
    0.17857142857142858,
    0.16666666666666666,
    0.11904761904761904,
    0.14285714285714285,
    0.19047619047619047,
    0.15476190476190477,
    0.11904761904761904,
    0.14285714285714285,
    0.16666666666666666,
    0.10714285714285714,
    0.09523809523809523,
    0.13095238095238096,
    0.19047619047619047
  ],
  "forgetting_ratios": [
    0.0,
    0.0,
    0.0,
    0.0,
    0.0,
    0.0,
    0.0,
    0.0,
    0.0,
    0.0,
    0.0,
    0.0,
    0.0,
    0.0,
    0.0,
    0.0,
    0.0,
    0.0,
    0.0,
    0.0,
    0.0,
    0.0,
    0.0,
    0.0,
    0.0,
    0.0,
    0.0,
    0.0,
    0.0,
    0.0
  ],
  "retention": {},
  "detection": {
    "accuracy": {
      "mean": 1.0,
      "std": 0.0,
      "min": 1.0,
      "max": 1.0,
      "median": 1.0,
      "count": 1
    },
    "precision": {
      "mean": 0.0,
      "std": 0.0,
      "min": 0.0,
      "max": 0.0,
      "median": 0.0,
      "count": 1
    },
    "recall": {
      "mean": 0.0,
      "std": 0.0,
      "min": 0.0,
      "max": 0.0,
      "median": 0.0,
      "count": 1
    },
    "f1": {
      "mean": 0.0,
      "std": 0.0,
      "min": 0.0,
      "max": 0.0,
      "median": 0.0,
      "count": 1
    }
  },
  "overall_current": [
    0.05952380952380952,
    0.5714285714285714,
    0.4880952380952381,
    0.47619047619047616,
    0.39285714285714285,
    0.47619047619047616,
    0.44047619047619047,
    0.5595238095238095,
    0.5714285714285714,
    0.2976190476190476,
    0.32142857142857145,
    0.4880952380952381,
    0.5119047619047619,
    0.19047619047619047,
    0.20238095238095238,
    0.16666666666666666,
    0.4880952380952381,
    0.11904761904761904,
    0.4166666666666667,
    0.23809523809523808,
    0.44047619047619047,
    0.47619047619047616,
    0.11904761904761904,
    0.15476190476190477,
    0.16666666666666666,
    0.19047619047619047,
    0.19047619047619047,
    0.17857142857142858,
    0.10714285714285714,
    0.19047619047619047,
    0.2857142857142857,
    0.15476190476190477,
    0.15476190476190477,
    0.2619047619047619,
    0.09523809523809523,
    0.25,
    0.10714285714285714,
    0.15476190476190477,
    0.2857142857142857,
    0.19047619047619047,
    0.5119047619047619,
    0.6071428571428571,
    0.42857142857142855,
    0.4523809523809524,
    0.30952380952380953,
    0.2619047619047619,
    0.19047619047619047,
    0.5357142857142857,
    0.39285714285714285,
    0.21428571428571427,
    0.20238095238095238,
    0.20238095238095238,
    0.4523809523809524,
    0.30952380952380953,
    0.5238095238095238,
    0.15476190476190477,
    0.17857142857142858,
    0.5119047619047619,
    0.11904761904761904,
    0.5238095238095238
  ],
  "overall_old": [
    0.19047619047619047,
    0.21428571428571427,
    0.13095238095238096,
    0.10714285714285714,
    0.16666666666666666,
    0.11904761904761904,
    0.11904761904761904,
    0.11904761904761904,
    0.13095238095238096,
    0.07142857142857142,
    0.14285714285714285,
    0.03571428571428571,
    0.14285714285714285,
    0.21428571428571427,
    0.17857142857142858,
    0.15476190476190477,
    0.16666666666666666,
    0.14285714285714285,
    0.17857142857142858,
    0.21428571428571427,
    0.09523809523809523,
    0.2261904761904762,
    0.11904761904761904,
    0.13095238095238096,
    0.11904761904761904,
    0.05952380952380952,
    0.16666666666666666,
    0.13095238095238096,
    0.20238095238095238,
    0.14285714285714285,
    0.14285714285714285,
    0.11904761904761904,
    0.09523809523809523,
    0.10714285714285714,
    0.30952380952380953,
    0.23809523809523808,
    0.14285714285714285,
    0.15476190476190477,
    0.11904761904761904,
    0.13095238095238096,
    0.13095238095238096,
    0.13095238095238096,
    0.03571428571428571,
    0.17857142857142858,
    0.16666666666666666,
    0.11904761904761904,
    0.13095238095238096,
    0.14285714285714285,
    0.13095238095238096,
    0.19047619047619047,
    0.15476190476190477,
    0.11904761904761904,
    0.14285714285714285,
    0.16666666666666666,
    0.10714285714285714,
    0.09523809523809523,
    0.13095238095238096,
    0.19047619047619047,
    0.14285714285714285,
    0.20238095238095238
  ],
  "stats": {
    "p_scores": {
      "mean": 0.33214285714285713,
      "std": 0.169150793002341,
      "min": 0.05952380952380952,
      "max": 0.5714285714285714,
      "median": 0.39285714285714285,
      "count": 30
    },
    "g_scores": {
      "mean": 0.15555555555555556,
      "std": 0.04646942892302912,
      "min": 0.07142857142857142,
      "max": 0.30952380952380953,
      "median": 0.14285714285714285,
      "count": 30
    },
    "objective_aware": {
      "mean": 0.24027976190476188,
      "std": 0.1505489232997638,
      "min": 0.05952380952380952,
      "max": 0.5714285714285714,
      "median": 0.15575,
      "count": 60
    },
    "forgetting": {
      "mean": 0.0,
      "std": 0.0,
      "min": 0.0,
      "max": 0.0,
      "median": 0.0,
      "count": 30
    },
    "overall_current": {
      "mean": 0.3119047619047619,
      "std": 0.15862957534150873,
      "min": 0.05952380952380952,
      "max": 0.6071428571428571,
      "median": 0.27380952380952384,
      "count": 60
    },
    "overall_old": {
      "mean": 0.14503968253968252,
      "std": 0.04728960225209346,
      "min": 0.03571428571428571,
      "max": 0.30952380952380953,
      "median": 0.14285714285714285,
      "count": 60
    },
    "overall_global": {
      "mean": 0.14876666666666666,
      "std": 0.0068850837708101615,
      "min": 0.139,
      "max": 0.15725,
      "median": 0.14825,
      "count": 60
    },
    "across_time": {
      "local_all": {
        "mean": 0.6166997354497354,
        "std": 0.3274062089423886,
        "min": 0.3119047619047619,
        "max": 0.962797619047619,
        "median": 0.5753968253968254,
        "count": 3
      },
      "global_all": {
        "mean": 0.18112916666666665,
        "std": 0.05222246699484597,
        "min": 0.14876666666666666,
        "max": 0.24137499999999998,
        "median": 0.15324583333333333,
        "count": 3
      },
      "objective_aware": {
        "mean": 0.40574596560846554,
        "std": 0.1785164382989055,
        "min": 0.24027976190476188,
        "max": 0.594939484126984,
        "median": 0.38201865079365077,
        "count": 3
      },
      "objective_aware_old": {
        "mean": 0.4193121693121693,
        "std": 0.17287819597427279,
        "min": 0.24384920634920632,
        "max": 0.589484126984127,
        "median": 0.4246031746031746,
        "count": 3
      },
      "objective_aware_global": {
        "mean": 0.40574596560846554,
        "std": 0.1785164382989055,
        "min": 0.24027976190476188,