{
  "seed": 2,
  "event_records": [],
  "p_scores": [
    0.09523809523809523,
    0.32142857142857145,
    0.21428571428571427,
    0.10714285714285714,
    0.09523809523809523,
    0.15476190476190477,
    0.5,
    0.34523809523809523,
    0.34523809523809523,
    0.42857142857142855,
    0.36904761904761907,
    0.2857142857142857,
    0.10714285714285714,
    0.25,
    0.4523809523809524,
    0.09523809523809523,
    0.10714285714285714,
    0.25,
    0.27380952380952384,
    0.30952380952380953,
    0.2976190476190476,
    0.19047619047619047,
    0.4523809523809524,
    0.38095238095238093,
    0.6071428571428571,
    0.13095238095238096,
    0.3333333333333333,
    0.39285714285714285,
    0.11904761904761904,
    0.38095238095238093
  ],
  "g_scores": [
    0.27380952380952384,
    0.2857142857142857,
    0.11904761904761904,
    0.23809523809523808,
    0.27380952380952384,
    0.10714285714285714,
    0.17857142857142858,
    0.25,
    0.19047619047619047,
    0.21428571428571427,
    0.2619047619047619,
    0.21428571428571427,
    0.2619047619047619,
    0.25,
    0.2261904761904762,
    0.2857142857142857,
    0.21428571428571427,
    0.14285714285714285,
    0.15476190476190477,
    0.16666666666666666,
    0.30952380952380953,
    0.14285714285714285,
    0.15476190476190477,
    0.2619047619047619,
    0.20238095238095238,
    0.2619047619047619,
    0.23809523809523808,
    0.19047619047619047,
    0.17857142857142858,
    0.16666666666666666
  ],
  "forgetting_ratios": [
    0.0,
    0.0,
    0.0,
    0.0,
    0.0,
    0.0,
    0.0,
    0.0,
    0.0,
    0.0,
    0.0,
    0.0,
    0.0,
    0.0,
    0.0,
    0.0,
    0.0,
    0.0,
    0.0,
    0.0,
    0.0,
    0.0,
    0.0,
    0.0,
    0.0,
    0.0,
    0.0,
    0.0,
    0.0,
    0.0
  ],
  "retention": {},
  "detection": {
    "accuracy": {
      "mean": 1.0,
      "std": 0.0,
      "min": 1.0,
      "max": 1.0,
      "median": 1.0,
      "count": 1
    },
    "precision": {
      "mean": 0.0,
      "std": 0.0,
      "min": 0.0,
      "max": 0.0,
      "median": 0.0,
      "count": 1
    },
    "recall": {
      "mean": 0.0,
      "std": 0.0,
      "min": 0.0,
      "max": 0.0,
      "median": 0.0,
      "count": 1
    },
    "f1": {
      "mean": 0.0,
      "std": 0.0,
      "min": 0.0,
      "max": 0.0,
      "median": 0.0,
      "count": 1
    }
  },
  "overall_current": [
    0.09523809523809523,
    0.3333333333333333,
    0.32142857142857145,
    0.21428571428571427,
    0.4166666666666667,
    0.10714285714285714,
    0.09523809523809523,
    0.16666666666666666,
    0.15476190476190477,
    0.5,
    0.4523809523809524,
    0.34523809523809523,
    0.34523809523809523,
    0.42857142857142855,
    0.4523809523809524,
    0.4523809523809524,
    0.3333333333333333,
    0.42857142857142855,
    0.25,
    0.36904761904761907,
    0.11904761904761904,
    0.2857142857142857,
    0.10714285714285714,
    0.25,
    0.13095238095238096,
    0.30952380952380953,
    0.4523809523809524,
    0.4880952380952381,
    0.5119047619047619,
    0.14285714285714285,
    0.32142857142857145,
    0.09523809523809523,
    0.32142857142857145,
    0.10714285714285714,
    0.44047619047619047,
    0.4166666666666667,
    0.25,
    0.27380952380952384,
    0.2976190476190476,
    0.30952380952380953,
    0.34523809523809523,
    0.2976190476190476,
    0.19047619047619047,
    0.32142857142857145,
    0.38095238095238093,
    0.4523809523809524,
    0.3333333333333333,
    0.38095238095238093,
    0.6071428571428571,
    0.13095238095238096,
    0.30952380952380953,
    0.3333333333333333,
    0.13095238095238096,
    0.5,
    0.39285714285714285,
    0.17857142857142858,
    0.36904761904761907,
    0.11904761904761904,
    0.34523809523809523,
    0.38095238095238093
  ],
  "overall_old": [
    0.2261904761904762,
    0.27380952380952384,
    0.34523809523809523,
    0.23809523809523808,
    0.2857142857142857,
    0.25,
    0.19047619047619047,
    0.11904761904761904,
    0.15476190476190477,
    0.27380952380952384,
    0.23809523809523808,
    0.19047619047619047,
    0.15476190476190477,
    0.27380952380952384,
    0.10714285714285714,
    0.17857142857142858,
    0.25,
    0.14285714285714285,
    0.19047619047619047,
    0.27380952380952384,
    0.21428571428571427,
    0.32142857142857145,
    0.10714285714285714,
    0.16666666666666666,
    0.2619047619047619,
    0.21428571428571427,
    0.20238095238095238,
    0.2619047619047619,
    0.25,
    0.2261904761904762,
    0.2857142857142857,
    0.21428571428571427,
    0.21428571428571427,
    0.2619047619047619,
    0.14285714285714285,
    0.15476190476190477,
    0.34523809523809523,
    0.17857142857142858,
    0.16666666666666666,
    0.17857142857142858,
    0.30952380952380953,
    0.16666666666666666,
    0.25,
    0.14285714285714285,
    0.15476190476190477,
    0.21428571428571427,
    0.2619047619047619,
    0.16666666666666666,
    0.23809523809523808,
    0.19047619047619047,
    0.20238095238095238,
    0.13095238095238096,
    0.2619047619047619,
    0.23809523809523808,
    0.27380952380952384,
    0.19047619047619047,
    0.17857142857142858,
    0.17857142857142858,
    0.16666666666666666,
    0.21428571428571427
  ],
  "stats": {
    "p_scores": {
      "mean": 0.27976190476190477,
      "std": 0.13924518377927356,
      "min": 0.09523809523809523,
      "max": 0.6071428571428571,
      "median": 0.29166666666666663,
      "count": 30
    },
    "g_scores": {
      "mean": 0.21388888888888888,
      "std": 0.054283565672533174,
      "min": 0.10714285714285714,
      "max": 0.30952380952380953,
      "median": 0.21428571428571427,
      "count": 30
    },
    "objective_aware": {
      "mean": 0.21681845238095238,
      "std": 0.1164867745874881,
      "min": 0.09523809523809523,
      "max": 0.6071428571428571,
      "median": 0.157875,
      "count": 60
    },
    "forgetting": {
      "mean": 0.0,
      "std": 0.0,
      "min": 0.0,
      "max": 0.0,
      "median": 0.0,
      "count": 30
    },
    "overall_current": {
      "mean": 0.30654761904761907,
      "std": 0.12988642757938162,
      "min": 0.09523809523809523,
      "max": 0.6071428571428571,
      "median": 0.32142857142857145,
      "count": 60
    },
    "overall_old": {
      "mean": 0.21428571428571427,
      "std": 0.05690358838588551,
      "min": 0.10714285714285714,
      "max": 0.34523809523809523,
      "median": 0.21428571428571427,
      "count": 60
    },
    "overall_global": {
      "mean": 0.1519875,
      "std": 0.0065924688991637025,
      "min": 0.14,
      "max": 0.16075,
      "median": 0.152625,
      "count": 60
    },
    "across_time": {
      "local_all": {
        "mean": 0.47752976190476193,
        "std": 0.2697002414352307,
        "min": 0.27599206349206346,
        "max": 0.9737103174603176,
        "median": 0.37003968253968256,
        "count": 6
      },
      "global_all": {
        "mean": 0.18074583333333333,
        "std": 0.048254511375161124,
        "min": 0.13642916666666668,
        "max": 0.2426,
        "median": 0.1627791666666667,
        "count": 6
      },
      "objective_aware": {
        "mean": 0.3239027447089947,
        "std": 0.1476110757792351,
        "min": 0.21616170634920634,
        "max": 0.5982777777777778,
        "median": 0.2764116071428572,
        "count": 6
      },
      "objective_aware_old": {
        "mean": 0.3412367724867725,
        "std": 0.13647588774918398,
        "min": 0.24365079365079365,
        "max": 0.592857142857143,
        "median": 0.2806547619047619,
        "count": 6
      },
      "objective_aware_global": {
        "mean": 0.3239027447089947,
        "std": 0.1476110757792351,
        "min": 0.21616170634920634,
        "max": 0.5982777777777778,
        "median": 0.2764116071428572,
        "count": 6
      }
    },
    "objective_aware_old": {
      "mean": 0.24682539682539684,
      "std": 0.10991758760510945,
      "min": 0.09523809523809523,