{
  "seed": 3,
  "event_records": [],
  "p_scores": [
    0.38095238095238093,
    0.13095238095238096,
    0.44047619047619047,
    0.5833333333333334,
    0.4880952380952381,
    0.11904761904761904,
    0.40476190476190477,
    0.40476190476190477,
    0.42857142857142855,
    0.40476190476190477,
    0.11904761904761904,
    0.42857142857142855,
    0.13095238095238096,
    0.42857142857142855,
    0.5,
    0.15476190476190477,
    0.5119047619047619,
    0.05952380952380952,
    0.23809523809523808,
    0.09523809523809523,
    0.5476190476190477,
    0.42857142857142855,
    0.10714285714285714,
    0.16666666666666666,
    0.17857142857142858,
    0.2857142857142857,
    0.40476190476190477,
    0.4166666666666667,
    0.4523809523809524,
    0.35714285714285715
  ],
  "g_scores": [
    0.20238095238095238,
    0.2261904761904762,
    0.2857142857142857,
    0.2857142857142857,
    0.2619047619047619,
    0.2976190476190476,
    0.16666666666666666,
    0.25,
    0.21428571428571427,
    0.19047619047619047,
    0.2261904761904762,
    0.20238095238095238,
    0.2976190476190476,
    0.10714285714285714,
    0.13095238095238096,
    0.34523809523809523,
    0.16666666666666666,
    0.16666666666666666,
    0.17857142857142858,
    0.17857142857142858,
    0.19047619047619047,
    0.36904761904761907,
    0.23809523809523808,
    0.16666666666666666,
    0.2857142857142857,
    0.20238095238095238,
    0.2619047619047619,
    0.09523809523809523,
    0.34523809523809523,
    0.2619047619047619
  ],
  "forgetting_ratios": [
    0.0,
    0.0,
    0.0,
    0.0,
    0.0,
    0.0,
    0.0,
    0.0,
    0.0,
    0.0,
    0.0,
    0.0,
    0.0,
    0.0,
    0.0,
    0.0,
    0.0,
    0.0,
    0.0,
    0.0,
    0.0,
    0.0,
    0.0,
    0.0,
    0.0,
    0.0,
    0.0,
    0.0,
    0.0,
    0.0
  ],
  "retention": {},
  "detection": {
    "accuracy": {
      "mean": 1.0,
      "std": 0.0,
      "min": 1.0,
      "max": 1.0,
      "median": 1.0,
      "count": 1
    },
    "precision": {
      "mean": 0.0,
      "std": 0.0,
      "min": 0.0,
      "max": 0.0,
      "median": 0.0,
      "count": 1
    },
    "recall": {
      "mean": 0.0,
      "std": 0.0,
      "min": 0.0,
      "max": 0.0,
      "median": 0.0,
      "count": 1
    },
    "f1": {
      "mean": 0.0,
      "std": 0.0,
      "min": 0.0,
      "max": 0.0,
      "median": 0.0,
      "count": 1
    }
  },
  "overall_current": [
    0.38095238095238093,
    0.36904761904761907,
    0.13095238095238096,
    0.4642857142857143,
    0.44047619047619047,
    0.32142857142857145,
    0.32142857142857145,
    0.13095238095238096,
    0.40476190476190477,
    0.5833333333333334,
    0.4166666666666667,
    0.4880952380952381,
    0.11904761904761904,
    0.09523809523809523,
    0.40476190476190477,
    0.30952380952380953,
    0.40476190476190477,
    0.42857142857142855,
    0.40476190476190477,
    0.11904761904761904,
    0.42857142857142855,
    0.44047619047619047,
    0.5119047619047619,
    0.13095238095238096,
    0.5119047619047619,
    0.09523809523809523,
    0.4642857142857143,
    0.42857142857142855,
    0.5,
    0.15476190476190477,
    0.5119047619047619,
    0.05952380952380952,
    0.10714285714285714,
    0.23809523809523808,
    0.20238095238095238,
    0.09523809523809523,
    0.34523809523809523,
    0.44047619047619047,
    0.5476190476190477,
    0.4642857142857143,
    0.34523809523809523,
    0.4523809523809524,
    0.42857142857142855,
    0.2976190476190476,
    0.14285714285714285,
    0.10714285714285714,
    0.16666666666666666,
    0.17857142857142858,
    0.2857142857142857,
    0.40476190476190477,
    0.4166666666666667,
    0.39285714285714285,
    0.38095238095238093,
    0.47619047619047616,
    0.27380952380952384,
    0.20238095238095238,
    0.34523809523809523,
    0.4523809523809524,
    0.16666666666666666,
    0.35714285714285715
  ],
  "overall_old": [
    0.36904761904761907,
    0.20238095238095238,
    0.19047619047619047,
    0.2261904761904762,
    0.21428571428571427,
    0.2857142857142857,
    0.2857142857142857,
    0.2619047619047619,
    0.2976190476190476,
    0.17857142857142858,
    0.16666666666666666,
    0.21428571428571427,
    0.2261904761904762,
    0.25,
    0.19047619047619047,
    0.21428571428571427,
    0.2619047619047619,
    0.15476190476190477,
    0.3333333333333333,
    0.27380952380952384,
    0.20238095238095238,
    0.19047619047619047,
    0.2261904761904762,
    0.2857142857142857,
    0.20238095238095238,
    0.2976190476190476,
    0.10714285714285714,
    0.21428571428571427,
    0.09523809523809523,
    0.25,
    0.2857142857142857,
    0.39285714285714285,
    0.13095238095238096,
    0.20238095238095238,
    0.34523809523809523,
    0.3333333333333333,
    0.16666666666666666,
    0.16666666666666666,
    0.34523809523809523,
    0.17857142857142858,
    0.17857142857142858,
    0.19047619047619047,
    0.13095238095238096,
    0.36904761904761907,
    0.23809523809523808,
    0.16666666666666666,
    0.14285714285714285,
    0.25,
    0.16666666666666666,
    0.2857142857142857,
    0.2976190476190476,
    0.16666666666666666,
    0.2857142857142857,
    0.20238095238095238,
    0.2619047619047619,
    0.09523809523809523,
    0.34523809523809523,
    0.15476190476190477,
    0.2619047619047619,
    0.17857142857142858
  ],
  "stats": {
    "p_scores": {
      "mean": 0.3265873015873016,
      "std": 0.15912700118887146,
      "min": 0.05952380952380952,
      "max": 0.5833333333333334,
      "median": 0.40476190476190477,
      "count": 30
    },
    "g_scores": {
      "mean": 0.2265873015873016,
      "std": 0.06888487511607001,
      "min": 0.09523809523809523,
      "max": 0.36904761904761907,
      "median": 0.22023809523809523,
      "count": 30
    },
    "objective_aware": {
      "mean": 0.24178531746031745,
      "std": 0.14057521089019787,
      "min": 0.05952380952380952,
      "max": 0.5833333333333334,
      "median": 0.15862500000000002,
      "count": 60
    },
    "forgetting": {
      "mean": 0.0,
      "std": 0.0,
      "min": 0.0,
      "max": 0.0,
      "median": 0.0,
      "count": 30
    },
    "overall_current": {
      "mean": 0.3281746031746032,
      "std": 0.14473421548902374,
      "min": 0.05952380952380952,
      "max": 0.5833333333333334,
      "median": 0.375,
      "count": 60
    },
    "overall_old": {
      "mean": 0.22976190476190475,
      "std": 0.07150587691870983,
      "min": 0.09523809523809523,
      "max": 0.39285714285714285,
      "median": 0.21428571428571427,
      "count": 60
    },
    "overall_global": {
      "mean": 0.15653333333333333,
      "std": 0.004433708195357692,
      "min": 0.1475,
      "max": 0.1615,
      "median": 0.15775,
      "count": 60
    },
    "across_time": {
      "local_all": {
        "mean": 0.4838293650793651,
        "std": 0.27079321901889686,
        "min": 0.2517857142857143,
        "max": 0.976984126984127,
        "median": 0.36537698412698416,
        "count": 6
      },
      "global_all": {
        "mean": 0.18296736111111112,
        "std": 0.04629149905585219,
        "min": 0.14184583333333337,
        "max": 0.24212083333333337,
        "median": 0.16478958333333332,
        "count": 6
      },
      "objective_aware": {
        "mean": 0.33664672619047625,
        "std": 0.14578201579109132,
        "min": 0.1969803571428571,
        "max": 0.6013045634920637,
        "median": 0.29414980158730164,
        "count": 6
      },
      "objective_aware_old": {
        "mean": 0.3490079365079365,
        "std": 0.13621010792016158,
        "min": 0.22440476190476186,
        "max": 0.5952380952380952,
        "median": 0.2906746031746032,
        "count": 6
      },
      "objective_aware_global": {
        "mean": 0.33664672619047625,
        "std": 0.14578201579109132,
        "min": 0.1969803571428571,
        "max": 0.6013045634920637,
        "median": 0.29414980158730164,
        "count": 6
      }
    },