{
  "seed": 1,
  "event_records": [],
  "p_scores": [
    0.36904761904761907,
    0.21428571428571427,
    0.42857142857142855,
    0.4880952380952381,
    0.38095238095238093,
    0.2976190476190476,
    0.17857142857142858,
    0.20238095238095238,
    0.32142857142857145,
    0.40476190476190477,
    0.39285714285714285,
    0.5595238095238095,
    0.3333333333333333,
    0.2619047619047619,
    0.44047619047619047,
    0.25,
    0.15476190476190477,
    0.44047619047619047,
    0.44047619047619047,
    0.34523809523809523,
    0.38095238095238093,
    0.36904761904761907,
    0.23809523809523808,
    0.39285714285714285,
    0.42857142857142855,
    0.47619047619047616,
    0.17857142857142858,
    0.19047619047619047,
    0.11904761904761904,
    0.35714285714285715
  ],
  "g_scores": [
    0.23809523809523808,
    0.20238095238095238,
    0.2857142857142857,
    0.17857142857142858,
    0.16666666666666666,
    0.27380952380952384,
    0.19047619047619047,
    0.16666666666666666,
    0.2261904761904762,
    0.20238095238095238,
    0.2976190476190476,
    0.23809523809523808,
    0.20238095238095238,
    0.32142857142857145,
    0.16666666666666666,
    0.16666666666666666,
    0.2976190476190476,
    0.21428571428571427,
    0.19047619047619047,
    0.19047619047619047,
    0.17857142857142858,
    0.2261904761904762,
    0.11904761904761904,
    0.20238095238095238,
    0.14285714285714285,
    0.25,
    0.27380952380952384,
    0.36904761904761907,
    0.21428571428571427,
    0.17857142857142858
  ],
  "forgetting_ratios": [
    0.0,
    0.0,
    0.0,
    0.0,
    0.0,
    0.0,
    0.0,
    0.0,
    0.0,
    0.0,
    0.0,
    0.0,
    0.0,
    0.0,
    0.0,
    0.0,
    0.0,
    0.0,
    0.0,
    0.0,
    0.0,
    0.0,
    0.0,
    0.0,
    0.0,
    0.0,
    0.0,
    0.0,
    0.0,
    0.0
  ],
  "retention": {},
  "detection": {
    "accuracy": {
      "mean": 1.0,
      "std": 0.0,
      "min": 1.0,
      "max": 1.0,
      "median": 1.0,
      "count": 1
    },
    "precision": {
      "mean": 0.0,
      "std": 0.0,
      "min": 0.0,
      "max": 0.0,
      "median": 0.0,
      "count": 1
    },
    "recall": {
      "mean": 0.0,
      "std": 0.0,
      "min": 0.0,
      "max": 0.0,
      "median": 0.0,
      "count": 1
    },
    "f1": {
      "mean": 0.0,
      "std": 0.0,
      "min": 0.0,
      "max": 0.0,
      "median": 0.0,
      "count": 1
    }
  },
  "overall_current": [
    0.36904761904761907,
    0.21428571428571427,
    0.25,
    0.42857142857142855,
    0.4880952380952381,
    0.38095238095238093,
    0.2976190476190476,
    0.17857142857142858,
    0.20238095238095238,
    0.21428571428571427,
    0.4166666666666667,
    0.32142857142857145,
    0.40476190476190477,
    0.2619047619047619,
    0.39285714285714285,
    0.39285714285714285,
    0.4880952380952381,
    0.35714285714285715,
    0.5595238095238095,
    0.39285714285714285,
    0.3333333333333333,
    0.2619047619047619,
    0.5,
    0.44047619047619047,
    0.25,
    0.15476190476190477,
    0.44047619047619047,
    0.44047619047619047,
    0.34523809523809523,
    0.4166666666666667,
    0.30952380952380953,
    0.38095238095238093,
    0.36904761904761907,
    0.23809523809523808,
    0.5357142857142857,
    0.5,
    0.14285714285714285,
    0.30952380952380953,
    0.38095238095238093,
    0.39285714285714285,
    0.42857142857142855,
    0.15476190476190477,
    0.47619047619047616,
    0.20238095238095238,
    0.34523809523809523,
    0.23809523809523808,
    0.17857142857142858,
    0.42857142857142855,
    0.19047619047619047,
    0.25,
    0.30952380952380953,
    0.39285714285714285,
    0.21428571428571427,
    0.30952380952380953,
    0.20238095238095238,
    0.5476190476190477,
    0.4880952380952381,
    0.3333333333333333,
    0.11904761904761904,
    0.35714285714285715
  ],
  "overall_old": [
    0.21428571428571427,
    0.2976190476190476,
    0.23809523809523808,
    0.4166666666666667,
    0.4166666666666667,
    0.27380952380952384,
    0.2261904761904762,
    0.2976190476190476,
    0.23809523809523808,
    0.20238095238095238,
    0.2857142857142857,
    0.23809523809523808,
    0.17857142857142858,
    0.17857142857142858,
    0.16666666666666666,
    0.3333333333333333,
    0.27380952380952384,
    0.19047619047619047,
    0.2261904761904762,
    0.16666666666666666,
    0.07142857142857142,
    0.2261904761904762,
    0.2261904761904762,
    0.21428571428571427,
    0.19047619047619047,
    0.30952380952380953,
    0.2857142857142857,
    0.39285714285714285,
    0.23809523809523808,
    0.20238095238095238,
    0.2976190476190476,
    0.15476190476190477,
    0.27380952380952384,
    0.3333333333333333,
    0.23809523809523808,
    0.20238095238095238,
    0.32142857142857145,
    0.16666666666666666,
    0.16666666666666666,
    0.11904761904761904,
    0.2976190476190476,
    0.2976190476190476,
    0.20238095238095238,
    0.21428571428571427,
    0.19047619047619047,
    0.19047619047619047,
    0.2976190476190476,
    0.17857142857142858,
    0.20238095238095238,
    0.2261904761904762,
    0.11904761904761904,
    0.20238095238095238,
    0.14285714285714285,
    0.25,
    0.27380952380952384,
    0.36904761904761907,
    0.21428571428571427,
    0.17857142857142858,
    0.2857142857142857,
    0.17857142857142858
  ],
  "stats": {
    "p_scores": {
      "mean": 0.3345238095238095,
      "std": 0.11265036519045644,
      "min": 0.11904761904761904,
      "max": 0.5595238095238095,
      "median": 0.36309523809523814,
      "count": 30
    },
    "g_scores": {
      "mean": 0.21904761904761905,
      "std": 0.056585956237831254,
      "min": 0.11904761904761904,
      "max": 0.36904761904761907,
      "median": 0.20238095238095238,
      "count": 30
    },
    "objective_aware": {
      "mean": 0.2471202380952381,
      "std": 0.11835147225592704,
      "min": 0.11904761904761904,
      "max": 0.5595238095238095,
      "median": 0.16225,
      "count": 60
    },
    "forgetting": {
      "mean": 0.0,
      "std": 0.0,
      "min": 0.0,
      "max": 0.0,
      "median": 0.0,
      "count": 30
    },
    "overall_current": {
      "mean": 0.3386904761904762,
      "std": 0.11307505873240546,
      "min": 0.11904761904761904,
      "max": 0.5595238095238095,
      "median": 0.35119047619047616,
      "count": 60
    },
    "overall_old": {
      "mean": 0.2367063492063492,
      "std": 0.07109458055323112,
      "min": 0.07142857142857142,
      "max": 0.4166666666666667,
      "median": 0.2261904761904762,
      "count": 60
    },
    "overall_global": {
      "mean": 0.15825833333333333,
      "std": 0.002842983731429914,
      "min": 0.15375,
      "max": 0.1655,
      "median": 0.159,
      "count": 60
    },
    "across_time": {
      "local_all": {
        "mean": 0.4833829365079365,
        "std": 0.25408860421925994,
        "min": 0.3093253968253969,
        "max": 0.9764880952380952,
        "median": 0.3843253968253968,
        "count": 6
      },
      "global_all": {
        "mean": 0.18607083333333335,
        "std": 0.04528326217636417,
        "min": 0.14350000000000002,
        "max": 0.244625,
        "median": 0.1668729166666667,
        "count": 6
      },
      "objective_aware": {
        "mean": 0.34072119708994714,
        "std": 0.13824318065631738,
        "min": 0.2374684523809524,
        "max": 0.601276388888889,
        "median": 0.29706240079365076,
        "count": 6
      },
      "objective_aware_old": {
        "mean": 0.35704365079365086,
        "std": 0.12126933160264383,
        "min": 0.2617063492063492,
        "max": 0.5849206349206351,
        "median": 0.314484126984127,
        "count": 6
      },
      "objective_aware_global": {
        "mean": 0.34072119708994714,
        "std": 0.13824318065631738,
        "min": 0.2374684523809524,
        "max": 0.601276388888889,
        "median": 0.29706240079365076,
        "count": 6
      }
    },