{
  "seed": 3,
  "event_records": [],
  "p_scores": [
    0.4642857142857143,
    0.05952380952380952,
    0.2857142857142857,
    0.32142857142857145,
    0.34523809523809523,
    0.11904761904761904,
    0.38095238095238093,
    0.34523809523809523,
    0.09523809523809523,
    0.30952380952380953,
    0.39285714285714285,
    0.35714285714285715,
    0.2261904761904762,
    0.32142857142857145,
    0.15476190476190477,
    0.15476190476190477,
    0.30952380952380953,
    0.07142857142857142,
    0.2619047619047619,
    0.07142857142857142,
    0.39285714285714285,
    0.07142857142857142,
    0.2976190476190476,
    0.39285714285714285,
    0.30952380952380953,
    0.19047619047619047,
    0.14285714285714285,
    0.32142857142857145,
    0.42857142857142855,
    0.2261904761904762
  ],
  "g_scores": [
    0.14285714285714285,
    0.20238095238095238,
    0.11904761904761904,
    0.11904761904761904,
    0.25,
    0.17857142857142858,
    0.08333333333333333,
    0.13095238095238096,
    0.14285714285714285,
    0.15476190476190477,
    0.2261904761904762,
    0.10714285714285714,
    0.11904761904761904,
    0.11904761904761904,
    0.21428571428571427,
    0.13095238095238096,
    0.16666666666666666,
    0.10714285714285714,
    0.16666666666666666,
    0.20238095238095238,
    0.11904761904761904,
    0.16666666666666666,
    0.19047619047619047,
    0.17857142857142858,
    0.17857142857142858,
    0.23809523809523808,
    0.19047619047619047,
    0.15476190476190477,
    0.25,
    0.13095238095238096
  ],
  "forgetting_ratios": [
    0.0,
    0.0,
    0.0,
    0.0,
    0.0,
    0.0,
    0.0,
    0.0,
    0.0,
    0.0,
    0.0,
    0.0,
    0.0,
    0.0,
    0.0,
    0.0,
    0.0,
    0.0,
    0.0,
    0.0,
    0.0,
    0.0,
    0.0,
    0.0,
    0.0,
    0.0,
    0.0,
    0.0,
    0.0,
    0.0
  ],
  "retention": {},
  "detection": {
    "accuracy": {
      "mean": 1.0,
      "std": 0.0,
      "min": 1.0,
      "max": 1.0,
      "median": 1.0,
      "count": 1
    },
    "precision": {
      "mean": 0.0,
      "std": 0.0,
      "min": 0.0,
      "max": 0.0,
      "median": 0.0,
      "count": 1
    },
    "recall": {
      "mean": 0.0,
      "std": 0.0,
      "min": 0.0,
      "max": 0.0,
      "median": 0.0,
      "count": 1
    },
    "f1": {
      "mean": 0.0,
      "std": 0.0,
      "min": 0.0,
      "max": 0.0,
      "median": 0.0,
      "count": 1
    }
  },
  "overall_current": [
    0.4642857142857143,
    0.25,
    0.05952380952380952,
    0.2857142857142857,
    0.2857142857142857,
    0.19047619047619047,
    0.23809523809523808,
    0.07142857142857142,
    0.40476190476190477,
    0.32142857142857145,
    0.07142857142857142,
    0.34523809523809523,
    0.11904761904761904,
    0.20238095238095238,
    0.38095238095238093,
    0.42857142857142855,
    0.34523809523809523,
    0.09523809523809523,
    0.30952380952380953,
    0.39285714285714285,
    0.35714285714285715,
    0.39285714285714285,
    0.023809523809523808,
    0.2261904761904762,
    0.2619047619047619,
    0.05952380952380952,
    0.17857142857142858,
    0.32142857142857145,
    0.15476190476190477,
    0.15476190476190477,
    0.30952380952380953,
    0.07142857142857142,
    0.36904761904761907,
    0.2619047619047619,
    0.2619047619047619,
    0.07142857142857142,
    0.35714285714285715,
    0.27380952380952384,
    0.39285714285714285,
    0.11904761904761904,
    0.3333333333333333,
    0.21428571428571427,
    0.07142857142857142,
    0.11904761904761904,
    0.34523809523809523,
    0.2976190476190476,
    0.39285714285714285,
    0.30952380952380953,
    0.19047619047619047,
    0.14285714285714285,
    0.32142857142857145,
    0.27380952380952384,
    0.16666666666666666,
    0.07142857142857142,
    0.30952380952380953,
    0.27380952380952384,
    0.3333333333333333,
    0.42857142857142855,
    0.2976190476190476,
    0.2261904761904762
  ],
  "overall_old": [
    0.11904761904761904,
    0.14285714285714285,
    0.21428571428571427,
    0.20238095238095238,
    0.11904761904761904,
    0.11904761904761904,
    0.11904761904761904,
    0.25,
    0.17857142857142858,
    0.14285714285714285,
    0.08333333333333333,
    0.15476190476190477,
    0.27380952380952384,
    0.13095238095238096,
    0.20238095238095238,
    0.14285714285714285,
    0.20238095238095238,
    0.19047619047619047,
    0.10714285714285714,
    0.13095238095238096,
    0.21428571428571427,
    0.15476190476190477,
    0.2261904761904762,
    0.2619047619047619,
    0.10714285714285714,
    0.11904761904761904,
    0.11904761904761904,
    0.25,
    0.17857142857142858,
    0.11904761904761904,
    0.17857142857142858,
    0.17857142857142858,
    0.21428571428571427,
    0.15476190476190477,
    0.13095238095238096,
    0.16666666666666666,
    0.16666666666666666,
    0.10714285714285714,
    0.2261904761904762,
    0.16666666666666666,
    0.20238095238095238,
    0.11904761904761904,
    0.19047619047619047,
    0.16666666666666666,
    0.19047619047619047,
    0.09523809523809523,
    0.13095238095238096,
    0.15476190476190477,
    0.11904761904761904,
    0.20238095238095238,
    0.14285714285714285,
    0.17857142857142858,
    0.17857142857142858,
    0.23809523809523808,
    0.19047619047619047,
    0.15476190476190477,
    0.25,
    0.21428571428571427,
    0.13095238095238096,
    0.20238095238095238
  ],
  "stats": {
    "p_scores": {
      "mean": 0.26071428571428573,
      "std": 0.12024642706342045,
      "min": 0.05952380952380952,
      "max": 0.4642857142857143,
      "median": 0.3035714285714286,
      "count": 30
    },
    "g_scores": {
      "mean": 0.1626984126984127,
      "std": 0.0451248835463633,
      "min": 0.08333333333333333,
      "max": 0.25,
      "median": 0.1607142857142857,
      "count": 30
    },
    "objective_aware": {
      "mean": 0.20036964285714287,
      "std": 0.10397438915974662,
      "min": 0.05952380952380952,
      "max": 0.4642857142857143,
      "median": 0.1405,
      "count": 60
    },
    "forgetting": {
      "mean": 0.0,
      "std": 0.0,
      "min": 0.0,
      "max": 0.0,
      "median": 0.0,
      "count": 30
    },
    "overall_current": {
      "mean": 0.25,
      "std": 0.11596078727484983,
      "min": 0.023809523809523808,
      "max": 0.4642857142857143,
      "median": 0.27380952380952384,
      "count": 60
    },
    "overall_old": {
      "mean": 0.16865079365079366,
      "std": 0.04614166368741459,
      "min": 0.08333333333333333,
      "max": 0.27380952380952384,
      "median": 0.16666666666666666,
      "count": 60
    },
    "overall_global": {
      "mean": 0.13999166666666668,
      "std": 0.0008524226028123034,
      "min": 0.1385,
      "max": 0.143,
      "median": 0.14,
      "count": 60
    },
    "across_time": {
      "local_all": {
        "mean": 0.5618055555555556,
        "std": 0.38530534029865277,
        "min": 0.25000000000000006,
        "max": 0.9925595238095238,
        "median": 0.44285714285714284,
        "count": 3
      },
      "global_all": {
        "mean": 0.17737222222222224,
        "std": 0.056198161504461004,
        "min": 0.13999166666666668,
        "max": 0.24200000000000002,
        "median": 0.15012499999999998,
        "count": 3
      },
      "objective_aware": {
        "mean": 0.36961309523809527,
        "std": 0.21979179311458175,
        "min": 0.20036964285714287,
        "max": 0.6180210317460317,
        "median": 0.29044861111111114,
        "count": 3
      },
      "objective_aware_old": {
        "mean": 0.3874007936507936,
        "std": 0.20618070138401612,
        "min": 0.2117063492063492,
        "max": 0.6143849206349206,
        "median": 0.3361111111111111,
        "count": 3
      },
      "objective_aware_global": {
        "mean": 0.36961309523809527,
        "std": 0.21979179311458175,
        "min": 0.20036964285714287,
        "max": 0.6180210317460317,
        "median": 0.29044861111111114,
        "count": 3
      },