{
  "seed": 1,
  "event_records": [],
  "p_scores": [
    0.3333333333333333,
    0.38095238095238093,
    0.30952380952380953,
    0.36904761904761907,
    0.2976190476190476,
    0.27380952380952384,
    0.34523809523809523,
    0.23809523809523808,
    0.16666666666666666,
    0.2619047619047619,
    0.17857142857142858,
    0.19047619047619047,
    0.2619047619047619,
    0.10714285714285714,
    0.17857142857142858,
    0.17857142857142858,
    0.16666666666666666,
    0.20238095238095238,
    0.2261904761904762,
    0.23809523809523808,
    0.2976190476190476,
    0.34523809523809523,
    0.15476190476190477,
    0.2619047619047619,
    0.25,
    0.2857142857142857,
    0.23809523809523808,
    0.16666666666666666,
    0.27380952380952384,
    0.10714285714285714
  ],
  "g_scores": [
    0.15476190476190477,
    0.16666666666666666,
    0.2857142857142857,
    0.17857142857142858,
    0.11904761904761904,
    0.17857142857142858,
    0.11904761904761904,
    0.20238095238095238,
    0.25,
    0.25,
    0.15476190476190477,
    0.14285714285714285,
    0.21428571428571427,
    0.13095238095238096,
    0.14285714285714285,
    0.32142857142857145,
    0.32142857142857145,
    0.05952380952380952,
    0.19047619047619047,
    0.15476190476190477,
    0.2261904761904762,
    0.2261904761904762,
    0.23809523809523808,
    0.17857142857142858,
    0.3333333333333333,
    0.25,
    0.17857142857142858,
    0.2261904761904762,
    0.2619047619047619,
    0.2857142857142857
  ],
  "forgetting_ratios": [
    0.0,
    0.0,
    0.0,
    0.0,
    0.0,
    0.0,
    0.0,
    0.0,
    0.0,
    0.0,
    0.0,
    0.0,
    0.0,
    0.0,
    0.0,
    0.0,
    0.0,
    0.0,
    0.0,
    0.0,
    0.0,
    0.0,
    0.0,
    0.0,
    0.0,
    0.0,
    0.0,
    0.0,
    0.0,
    0.0
  ],
  "retention": {},
  "detection": {
    "accuracy": {
      "mean": 1.0,
      "std": 0.0,
      "min": 1.0,
      "max": 1.0,
      "median": 1.0,
      "count": 1
    },
    "precision": {
      "mean": 0.0,
      "std": 0.0,
      "min": 0.0,
      "max": 0.0,
      "median": 0.0,
      "count": 1
    },
    "recall": {
      "mean": 0.0,
      "std": 0.0,
      "min": 0.0,
      "max": 0.0,
      "median": 0.0,
      "count": 1
    },
    "f1": {
      "mean": 0.0,
      "std": 0.0,
      "min": 0.0,
      "max": 0.0,
      "median": 0.0,
      "count": 1
    }
  },
  "overall_current": [
    0.3333333333333333,
    0.38095238095238093,
    0.2261904761904762,
    0.30952380952380953,
    0.36904761904761907,
    0.2976190476190476,
    0.27380952380952384,
    0.34523809523809523,
    0.23809523809523808,
    0.2261904761904762,
    0.14285714285714285,
    0.16666666666666666,
    0.2619047619047619,
    0.16666666666666666,
    0.16666666666666666,
    0.17857142857142858,
    0.2976190476190476,
    0.11904761904761904,
    0.19047619047619047,
    0.15476190476190477,
    0.2619047619047619,
    0.10714285714285714,
    0.15476190476190477,
    0.17857142857142858,
    0.17857142857142858,
    0.16666666666666666,
    0.20238095238095238,
    0.2261904761904762,
    0.23809523809523808,
    0.2976190476190476,
    0.2619047619047619,
    0.2976190476190476,
    0.34523809523809523,
    0.15476190476190477,
    0.17857142857142858,
    0.35714285714285715,
    0.21428571428571427,
    0.35714285714285715,
    0.17857142857142858,
    0.2619047619047619,
    0.25,
    0.2857142857142857,
    0.2857142857142857,
    0.2619047619047619,
    0.36904761904761907,
    0.10714285714285714,
    0.23809523809523808,
    0.19047619047619047,
    0.16666666666666666,
    0.16666666666666666,
    0.36904761904761907,
    0.05952380952380952,
    0.34523809523809523,
    0.34523809523809523,
    0.21428571428571427,
    0.19047619047619047,
    0.44047619047619047,
    0.23809523809523808,
    0.27380952380952384,
    0.10714285714285714
  ],
  "overall_old": [
    0.05952380952380952,
    0.05952380952380952,
    0.15476190476190477,
    0.13095238095238096,
    0.08333333333333333,
    0.16666666666666666,
    0.27380952380952384,
    0.14285714285714285,
    0.13095238095238096,
    0.16666666666666666,
    0.2857142857142857,
    0.15476190476190477,
    0.2261904761904762,
    0.17857142857142858,
    0.11904761904761904,
    0.13095238095238096,
    0.17857142857142858,
    0.11904761904761904,
    0.13095238095238096,
    0.20238095238095238,
    0.25,
    0.15476190476190477,
    0.25,
    0.20238095238095238,
    0.14285714285714285,
    0.2857142857142857,
    0.16666666666666666,
    0.21428571428571427,
    0.13095238095238096,
    0.25,
    0.15476190476190477,
    0.15476190476190477,
    0.10714285714285714,
    0.19047619047619047,
    0.14285714285714285,
    0.21428571428571427,
    0.13095238095238096,
    0.14285714285714285,
    0.32142857142857145,
    0.13095238095238096,
    0.13095238095238096,
    0.32142857142857145,
    0.10714285714285714,
    0.05952380952380952,
    0.19047619047619047,
    0.15476190476190477,
    0.23809523809523808,
    0.2261904761904762,
    0.19047619047619047,
    0.2261904761904762,
    0.23809523809523808,
    0.17857142857142858,
    0.3333333333333333,
    0.25,
    0.17857142857142858,
    0.2261904761904762,
    0.2619047619047619,
    0.2857142857142857,
    0.17857142857142858,
    0.20238095238095238
  ],
  "stats": {
    "p_scores": {
      "mean": 0.24285714285714285,
      "std": 0.07395636645681614,
      "min": 0.10714285714285714,
      "max": 0.38095238095238093,
      "median": 0.24404761904761904,
      "count": 30
    },
    "g_scores": {
      "mean": 0.20476190476190476,
      "std": 0.06686283594228368,
      "min": 0.05952380952380952,
      "max": 0.3333333333333333,
      "median": 0.19642857142857142,
      "count": 30
    },
    "objective_aware": {
      "mean": 0.19099940476190477,
      "std": 0.07365198059440944,
      "min": 0.10714285714285714,
      "max": 0.38095238095238093,
      "median": 0.1425,
      "count": 60
    },
    "forgetting": {
      "mean": 0.0,
      "std": 0.0,
      "min": 0.0,
      "max": 0.0,
      "median": 0.0,
      "count": 30
    },
    "overall_current": {
      "mean": 0.239484126984127,
      "std": 0.08343679921481156,
      "min": 0.05952380952380952,
      "max": 0.44047619047619047,
      "median": 0.23809523809523808,
      "count": 60
    },
    "overall_old": {
      "mean": 0.18353174603174602,
      "std": 0.06521581019885951,
      "min": 0.05952380952380952,
      "max": 0.3333333333333333,
      "median": 0.17857142857142858,
      "count": 60
    },
    "overall_global": {
      "mean": 0.1393875,
      "std": 0.0016964725367056746,
      "min": 0.13625,
      "max": 0.143,
      "median": 0.13937500000000003,
      "count": 60
    },
    "across_time": {
      "local_all": {
        "mean": 0.5417989417989418,
        "std": 0.39631268134090597,
        "min": 0.23948412698412694,
        "max": 0.9904761904761906,
        "median": 0.3954365079365079,
        "count": 3
      },
      "global_all": {
        "mean": 0.18257916666666665,
        "std": 0.05445475807570289,
        "min": 0.13938750000000003,
        "max": 0.24374999999999994,
        "median": 0.16459999999999997,
        "count": 3
      },
      "objective_aware": {
        "mean": 0.3532010582010582,
        "std": 0.2307882165688764,
        "min": 0.19099940476190477,
        "max": 0.6174170634920635,
        "median": 0.2511867063492063,
        "count": 3
      },
      "objective_aware_old": {
        "mean": 0.3794642857142857,
        "std": 0.205649545489322,
        "min": 0.22380952380952385,
        "max": 0.6125992063492063,
        "median": 0.3019841269841269,
        "count": 3
      },
      "objective_aware_global": {
        "mean": 0.3532010582010582,
        "std": 0.2307882165688764,
        "min": 0.19099940476190477,
        "max": 0.6174170634920635,
        "median": 0.2511867063492063,
        "count": 3
      },