{
  "seed": 3,
  "event_records": [],
  "p_scores": [
    0.5357142857142857,
    0.6071428571428571,
    0.21428571428571427,
    0.39285714285714285,
    0.4880952380952381,
    0.5595238095238095,
    0.10714285714285714,
    0.5,
    0.40476190476190477,
    0.5238095238095238,
    0.42857142857142855,
    0.2261904761904762,
    0.39285714285714285,
    0.4523809523809524,
    0.08333333333333333,
    0.14285714285714285,
    0.6428571428571429,
    0.44047619047619047,
    0.16666666666666666,
    0.47619047619047616,
    0.6309523809523809,
    0.20238095238095238,
    0.19047619047619047,
    0.6309523809523809,
    0.6190476190476191,
    0.5,
    0.14285714285714285,
    0.40476190476190477,
    0.5476190476190477,
    0.5
  ],
  "g_scores": [
    0.14285714285714285,
    0.2857142857142857,
    0.16666666666666666,
    0.27380952380952384,
    0.39285714285714285,
    0.2619047619047619,
    0.2976190476190476,
    0.10714285714285714,
    0.20238095238095238,
    0.2976190476190476,
    0.2619047619047619,
    0.17857142857142858,
    0.30952380952380953,
    0.19047619047619047,
    0.15476190476190477,
    0.16666666666666666,
    0.21428571428571427,
    0.19047619047619047,
    0.25,
    0.13095238095238096,
    0.19047619047619047,
    0.10714285714285714,
    0.10714285714285714,
    0.14285714285714285,
    0.16666666666666666,
    0.2619047619047619,
    0.11904761904761904,
    0.11904761904761904,
    0.21428571428571427,
    0.27380952380952384
  ],
  "forgetting_ratios": [
    0.0,
    0.0,
    0.0,
    0.0,
    0.0,
    0.0,
    0.0,
    0.0,
    0.0,
    0.0,
    0.0,
    0.0,
    0.0,
    0.0,
    0.0,
    0.0,
    0.0,
    0.0,
    0.0,
    0.0,
    0.0,
    0.0,
    0.0,
    0.0,
    0.0,
    0.0,
    0.0,
    0.0,
    0.0,
    0.0
  ],
  "retention": {},
  "detection": {
    "accuracy": {
      "mean": 1.0,
      "std": 0.0,
      "min": 1.0,
      "max": 1.0,
      "median": 1.0,
      "count": 1
    },
    "precision": {
      "mean": 0.0,
      "std": 0.0,
      "min": 0.0,
      "max": 0.0,
      "median": 0.0,
      "count": 1
    },
    "recall": {
      "mean": 0.0,
      "std": 0.0,
      "min": 0.0,
      "max": 0.0,
      "median": 0.0,
      "count": 1
    },
    "f1": {
      "mean": 0.0,
      "std": 0.0,
      "min": 0.0,
      "max": 0.0,
      "median": 0.0,
      "count": 1
    }
  },
  "overall_current": [
    0.5357142857142857,
    0.42857142857142855,
    0.6071428571428571,
    0.4523809523809524,
    0.21428571428571427,
    0.07142857142857142,
    0.38095238095238093,
    0.5119047619047619,
    0.36904761904761907,
    0.39285714285714285,
    0.4523809523809524,
    0.4880952380952381,
    0.5595238095238095,
    0.4523809523809524,
    0.10714285714285714,
    0.6190476190476191,
    0.5,
    0.40476190476190477,
    0.5238095238095238,
    0.42857142857142855,
    0.2261904761904762,
    0.35714285714285715,
    0.4523809523809524,
    0.39285714285714285,
    0.16666666666666666,
    0.36904761904761907,
    0.13095238095238096,
    0.4523809523809524,
    0.08333333333333333,
    0.14285714285714285,
    0.6428571428571429,
    0.44047619047619047,
    0.34523809523809523,
    0.16666666666666666,
    0.5238095238095238,
    0.47619047619047616,
    0.4880952380952381,
    0.19047619047619047,
    0.6309523809523809,
    0.44047619047619047,
    0.27380952380952384,
    0.4880952380952381,
    0.20238095238095238,
    0.40476190476190477,
    0.47619047619047616,
    0.19047619047619047,
    0.6309523809523809,
    0.6190476190476191,
    0.5,
    0.14285714285714285,
    0.40476190476190477,
    0.6785714285714286,
    0.4642857142857143,
    0.3333333333333333,
    0.5714285714285714,
    0.10714285714285714,
    0.38095238095238093,
    0.5476190476190477,
    0.08333333333333333,
    0.5
  ],
  "overall_old": [
    0.32142857142857145,
    0.14285714285714285,
    0.38095238095238093,
    0.2857142857142857,
    0.27380952380952384,
    0.16666666666666666,
    0.27380952380952384,
    0.39285714285714285,
    0.2619047619047619,
    0.34523809523809523,
    0.2976190476190476,
    0.27380952380952384,
    0.03571428571428571,
    0.10714285714285714,
    0.05952380952380952,
    0.20238095238095238,
    0.27380952380952384,
    0.10714285714285714,
    0.27380952380952384,
    0.2619047619047619,
    0.05952380952380952,
    0.2976190476190476,
    0.2619047619047619,
    0.25,
    0.17857142857142858,
    0.30952380952380953,
    0.19047619047619047,
    0.44047619047619047,
    0.27380952380952384,
    0.08333333333333333,
    0.11904761904761904,
    0.2976190476190476,
    0.15476190476190477,
    0.11904761904761904,
    0.16666666666666666,
    0.07142857142857142,
    0.21428571428571427,
    0.19047619047619047,
    0.08333333333333333,
    0.25,
    0.13095238095238096,
    0.19047619047619047,
    0.07142857142857142,
    0.10714285714285714,
    0.10714285714285714,
    0.36904761904761907,
    0.4642857142857143,
    0.4166666666666667,
    0.17857142857142858,
    0.2976190476190476,
    0.10714285714285714,
    0.14285714285714285,
    0.16666666666666666,
    0.2619047619047619,
    0.11904761904761904,
    0.11904761904761904,
    0.21428571428571427,
    0.30952380952380953,
    0.27380952380952384,
    0.08333333333333333
  ],
  "stats": {
    "p_scores": {
      "mean": 0.40515873015873016,
      "std": 0.1767554994368677,
      "min": 0.08333333333333333,
      "max": 0.6428571428571429,
      "median": 0.4464285714285714,
      "count": 30
    },
    "g_scores": {
      "mean": 0.20595238095238094,
      "std": 0.07339586931175027,
      "min": 0.10714285714285714,
      "max": 0.39285714285714285,
      "median": 0.19047619047619047,
      "count": 30
    },
    "objective_aware": {
      "mean": 0.27611686507936506,
      "std": 0.17971018977333814,
      "min": 0.08333333333333333,
      "max": 0.6428571428571429,
      "median": 0.1515,
      "count": 60
    },
    "forgetting": {
      "mean": 0.0,
      "std": 0.0,
      "min": 0.0,
      "max": 0.0,
      "median": 0.0,
      "count": 30
    },
    "overall_current": {
      "mean": 0.39365079365079364,
      "std": 0.16563828159427035,
      "min": 0.07142857142857142,
      "max": 0.6785714285714286,
      "median": 0.43452380952380953,
      "count": 60
    },
    "overall_old": {
      "mean": 0.2146825396825397,
      "std": 0.10511639951864092,
      "min": 0.03571428571428571,
      "max": 0.4642857142857143,
      "median": 0.20833333333333331,
      "count": 60
    },
    "overall_global": {
      "mean": 0.14702916666666666,
      "std": 0.003085330129119044,
      "min": 0.1425,
      "max": 0.1515,
      "median": 0.14887499999999998,
      "count": 60
    },
    "across_time": {
      "local_all": {
        "mean": 0.6059523809523809,
        "std": 0.30192154619276435,
        "min": 0.39365079365079364,
        "max": 0.9515873015873014,
        "median": 0.47261904761904755,
        "count": 3
      },
      "global_all": {
        "mean": 0.1783888888888889,
        "std": 0.053575012692053635,
        "min": 0.14702916666666663,
        "max": 0.24025000000000005,
        "median": 0.1478875,
        "count": 3
      },
      "objective_aware": {
        "mean": 0.38765562169312173,
        "std": 0.16923350374187385,
        "min": 0.2761168650793651,
        "max": 0.5823829365079365,
        "median": 0.30446706349206354,
        "count": 3
      },
      "objective_aware_old": {
        "mean": 0.4078703703703703,
        "std": 0.14188330071311417,
        "min": 0.3055555555555555,
        "max": 0.5698412698412697,
        "median": 0.34821428571428575,
        "count": 3
      },
      "objective_aware_global": {
        "mean": 0.38765562169312173,
        "std": 0.16923350374187385,
        "min": 0.2761168650793651,
        "max": 0.5823829365079365,
        "median": 0.30446706349206354,
        "count": 3
      }
    },