{
  "seed": 1,
  "event_records": [],
  "p_scores": [
    0.4880952380952381,
    0.14285714285714285,
    0.39285714285714285,
    0.39285714285714285,
    0.13095238095238096,
    0.10714285714285714,
    0.27380952380952384,
    0.47619047619047616,
    0.32142857142857145,
    0.20238095238095238,
    0.19047619047619047,
    0.30952380952380953,
    0.09523809523809523,
    0.08333333333333333,
    0.11904761904761904,
    0.2976190476190476,
    0.20238095238095238,
    0.2857142857142857,
    0.35714285714285715,
    0.5476190476190477,
    0.5357142857142857,
    0.34523809523809523,
    0.35714285714285715,
    0.05952380952380952,
    0.14285714285714285,
    0.19047619047619047,
    0.4166666666666667,
    0.3333333333333333,
    0.2857142857142857,
    0.6071428571428571
  ],
  "g_scores": [
    0.32142857142857145,
    0.2857142857142857,
    0.2261904761904762,
    0.21428571428571427,
    0.23809523809523808,
    0.36904761904761907,
    0.36904761904761907,
    0.2619047619047619,
    0.20238095238095238,
    0.2619047619047619,
    0.30952380952380953,
    0.30952380952380953,
    0.32142857142857145,
    0.23809523809523808,
    0.40476190476190477,
    0.25,
    0.09523809523809523,
    0.10714285714285714,
    0.3333333333333333,
    0.36904761904761907,
    0.10714285714285714,
    0.2857142857142857,
    0.25,
    0.3333333333333333,
    0.11904761904761904,
    0.2857142857142857,
    0.21428571428571427,
    0.23809523809523808,
    0.14285714285714285,
    0.10714285714285714
  ],
  "forgetting_ratios": [
    0.0,
    0.0,
    0.0,
    0.0,
    0.0,
    0.0,
    0.0,
    0.0,
    0.0,
    0.0,
    0.0,
    0.0,
    0.0,
    0.0,
    0.0,
    0.0,
    0.0,
    0.0,
    0.0,
    0.0,
    0.0,
    0.0,
    0.0,
    0.0,
    0.0,
    0.0,
    0.0,
    0.0,
    0.0,
    0.0
  ],
  "retention": {},
  "detection": {
    "accuracy": {
      "mean": 1.0,
      "std": 0.0,
      "min": 1.0,
      "max": 1.0,
      "median": 1.0,
      "count": 1
    },
    "precision": {
      "mean": 0.0,
      "std": 0.0,
      "min": 0.0,
      "max": 0.0,
      "median": 0.0,
      "count": 1
    },
    "recall": {
      "mean": 0.0,
      "std": 0.0,
      "min": 0.0,
      "max": 0.0,
      "median": 0.0,
      "count": 1
    },
    "f1": {
      "mean": 0.0,
      "std": 0.0,
      "min": 0.0,
      "max": 0.0,
      "median": 0.0,
      "count": 1
    }
  },
  "overall_current": [
    0.4880952380952381,
    0.14285714285714285,
    0.13095238095238096,
    0.39285714285714285,
    0.39285714285714285,
    0.13095238095238096,
    0.10714285714285714,
    0.27380952380952384,
    0.47619047619047616,
    0.23809523809523808,
    0.16666666666666666,
    0.32142857142857145,
    0.20238095238095238,
    0.23809523809523808,
    0.32142857142857145,
    0.19047619047619047,
    0.5476190476190477,
    0.2619047619047619,
    0.30952380952380953,
    0.13095238095238096,
    0.09523809523809523,
    0.08333333333333333,
    0.2261904761904762,
    0.11904761904761904,
    0.2976190476190476,
    0.20238095238095238,
    0.2857142857142857,
    0.35714285714285715,
    0.5476190476190477,
    0.34523809523809523,
    0.3333333333333333,
    0.5357142857142857,
    0.34523809523809523,
    0.35714285714285715,
    0.16666666666666666,
    0.16666666666666666,
    0.08333333333333333,
    0.40476190476190477,
    0.5833333333333334,
    0.05952380952380952,
    0.14285714285714285,
    0.2976190476190476,
    0.19047619047619047,
    0.44047619047619047,
    0.09523809523809523,
    0.16666666666666666,
    0.4166666666666667,
    0.6428571428571429,
    0.3333333333333333,
    0.6428571428571429,
    0.13095238095238096,
    0.10714285714285714,
    0.15476190476190477,
    0.13095238095238096,
    0.2976190476190476,
    0.35714285714285715,
    0.5714285714285714,
    0.16666666666666666,
    0.2857142857142857,
    0.6071428571428571
  ],
  "overall_old": [
    0.30952380952380953,
    0.2976190476190476,
    0.32142857142857145,
    0.34523809523809523,
    0.34523809523809523,
    0.36904761904761907,
    0.11904761904761904,
    0.39285714285714285,
    0.19047619047619047,
    0.2857142857142857,
    0.2261904761904762,
    0.2261904761904762,
    0.2857142857142857,
    0.21428571428571427,
    0.23809523809523808,
    0.35714285714285715,
    0.36904761904761907,
    0.36904761904761907,
    0.2619047619047619,
    0.2619047619047619,
    0.19047619047619047,
    0.2857142857142857,
    0.20238095238095238,
    0.2976190476190476,
    0.20238095238095238,
    0.35714285714285715,
    0.14285714285714285,
    0.35714285714285715,
    0.16666666666666666,
    0.2619047619047619,
    0.30952380952380953,
    0.32142857142857145,
    0.13095238095238096,
    0.2976190476190476,
    0.30952380952380953,
    0.32142857142857145,
    0.23809523809523808,
    0.40476190476190477,
    0.25,
    0.39285714285714285,
    0.3333333333333333,
    0.09523809523809523,
    0.2619047619047619,
    0.10714285714285714,
    0.3333333333333333,
    0.36904761904761907,
    0.30952380952380953,
    0.10714285714285714,
    0.2619047619047619,
    0.2857142857142857,
    0.25,
    0.3333333333333333,
    0.11904761904761904,
    0.2857142857142857,
    0.21428571428571427,
    0.23809523809523808,
    0.14285714285714285,
    0.10714285714285714,
    0.2976190476190476,
    0.30952380952380953
  ],
  "stats": {
    "p_scores": {
      "mean": 0.28968253968253965,
      "std": 0.15020554808330872,
      "min": 0.05952380952380952,
      "max": 0.6071428571428571,
      "median": 0.29166666666666663,
      "count": 30
    },
    "g_scores": {
      "mean": 0.2523809523809524,
      "std": 0.08733641142532528,
      "min": 0.09523809523809523,
      "max": 0.40476190476190477,
      "median": 0.25595238095238093,
      "count": 30
    },
    "objective_aware": {
      "mean": 0.2246954365079365,
      "std": 0.12422347234008647,
      "min": 0.05952380952380952,
      "max": 0.6071428571428571,
      "median": 0.1695,
      "count": 60
    },
    "forgetting": {
      "mean": 0.0,
      "std": 0.0,
      "min": 0.0,
      "max": 0.0,
      "median": 0.0,
      "count": 30
    },
    "overall_current": {
      "mean": 0.2873015873015873,
      "std": 0.15948535709610798,
      "min": 0.05952380952380952,
      "max": 0.6428571428571429,
      "median": 0.27976190476190477,
      "count": 60
    },
    "overall_old": {
      "mean": 0.26646825396825397,
      "std": 0.08306169455854845,
      "min": 0.09523809523809523,
      "max": 0.40476190476190477,
      "median": 0.2857142857142857,
      "count": 60
    },
    "overall_global": {
      "mean": 0.16016666666666668,
      "std": 0.009626132628347234,
      "min": 0.14975,
      "max": 0.17225,
      "median": 0.16512500000000002,
      "count": 60
    },
    "across_time": {
      "local_all": {
        "mean": 0.5091931216931217,
        "std": 0.23902719940963457,
        "min": 0.28730158730158734,
        "max": 0.9626984126984129,
        "median": 0.4484126984126984,
        "count": 6
      },
      "global_all": {
        "mean": 0.1837888888888889,
        "std": 0.048553257819711815,
        "min": 0.13653750000000003,
        "max": 0.24715416666666667,
        "median": 0.16549999999999998,
        "count": 6
      },
      "objective_aware": {
        "mean": 0.3490247685185185,
        "std": 0.13655113043431816,
        "min": 0.22469543650793652,
        "max": 0.6007619047619048,
        "median": 0.3239285714285714,
        "count": 6
      },
      "objective_aware_old": {
        "mean": 0.3686838624338625,
        "std": 0.1196063223500286,
        "min": 0.27103174603174607,
        "max": 0.6013888888888891,
        "median": 0.34791666666666665,
        "count": 6
      },
      "objective_aware_global": {
        "mean": 0.3490247685185185,
        "std": 0.13655113043431816,
        "min": 0.22469543650793652,
        "max": 0.6007619047619048,
        "median": 0.3239285714285714,