{
  "seed": 3,
  "event_records": [],
  "p_scores": [
    0.5952380952380952,
    0.20238095238095238,
    0.35714285714285715,
    0.4166666666666667,
    0.14285714285714285,
    0.5595238095238095,
    0.27380952380952384,
    0.7261904761904762,
    0.5595238095238095,
    0.15476190476190477,
    0.6190476190476191,
    0.44047619047619047,
    0.32142857142857145,
    0.4166666666666667,
    0.6309523809523809,
    0.2619047619047619,
    0.6190476190476191,
    0.32142857142857145,
    0.35714285714285715,
    0.40476190476190477,
    0.5357142857142857,
    0.4166666666666667,
    0.35714285714285715,
    0.14285714285714285,
    0.44047619047619047,
    0.6428571428571429,
    0.5833333333333334,
    0.5833333333333334,
    0.39285714285714285,
    0.5952380952380952
  ],
  "g_scores": [
    0.25,
    0.13095238095238096,
    0.2857142857142857,
    0.38095238095238093,
    0.38095238095238093,
    0.13095238095238096,
    0.4166666666666667,
    0.11904761904761904,
    0.3333333333333333,
    0.2619047619047619,
    0.21428571428571427,
    0.13095238095238096,
    0.27380952380952384,
    0.34523809523809523,
    0.05952380952380952,
    0.08333333333333333,
    0.36904761904761907,
    0.10714285714285714,
    0.20238095238095238,
    0.2619047619047619,
    0.2619047619047619,
    0.2261904761904762,
    0.047619047619047616,
    0.35714285714285715,
    0.19047619047619047,
    0.25,
    0.4523809523809524,
    0.4523809523809524,
    0.19047619047619047,
    0.34523809523809523
  ],
  "forgetting_ratios": [
    0.0,
    0.0,
    0.0,
    0.0,
    0.0,
    0.0,
    0.0,
    0.0,
    0.0,
    0.0,
    0.0,
    0.0,
    0.0,
    0.0,
    0.0,
    0.0,
    0.0,
    0.0,
    0.0,
    0.0,
    0.0,
    0.0,
    0.0,
    0.0,
    0.0,
    0.0,
    0.0,
    0.0,
    0.0,
    0.0
  ],
  "retention": {},
  "detection": {
    "accuracy": {
      "mean": 1.0,
      "std": 0.0,
      "min": 1.0,
      "max": 1.0,
      "median": 1.0,
      "count": 1
    },
    "precision": {
      "mean": 0.0,
      "std": 0.0,
      "min": 0.0,
      "max": 0.0,
      "median": 0.0,
      "count": 1
    },
    "recall": {
      "mean": 0.0,
      "std": 0.0,
      "min": 0.0,
      "max": 0.0,
      "median": 0.0,
      "count": 1
    },
    "f1": {
      "mean": 0.0,
      "std": 0.0,
      "min": 0.0,
      "max": 0.0,
      "median": 0.0,
      "count": 1
    }
  },
  "overall_current": [
    0.5952380952380952,
    0.5714285714285714,
    0.20238095238095238,
    0.2976190476190476,
    0.35714285714285715,
    0.2857142857142857,
    0.23809523809523808,
    0.6666666666666666,
    0.5952380952380952,
    0.4166666666666667,
    0.6666666666666666,
    0.14285714285714285,
    0.5595238095238095,
    0.5238095238095238,
    0.27380952380952384,
    0.5833333333333334,
    0.7261904761904762,
    0.5595238095238095,
    0.15476190476190477,
    0.6190476190476191,
    0.44047619047619047,
    0.5714285714285714,
    0.20238095238095238,
    0.32142857142857145,
    0.2976190476190476,
    0.5476190476190477,
    0.08333333333333333,
    0.4166666666666667,
    0.6309523809523809,
    0.2619047619047619,
    0.6190476190476191,
    0.32142857142857145,
    0.5476190476190477,
    0.35714285714285715,
    0.6309523809523809,
    0.40476190476190477,
    0.09523809523809523,
    0.42857142857142855,
    0.5357142857142857,
    0.5119047619047619,
    0.36904761904761907,
    0.08333333333333333,
    0.4166666666666667,
    0.7023809523809523,
    0.20238095238095238,
    0.35714285714285715,
    0.14285714285714285,
    0.44047619047619047,
    0.6428571428571429,
    0.5833333333333334,
    0.5833333333333334,
    0.05952380952380952,
    0.2857142857142857,
    0.6785714285714286,
    0.6428571428571429,
    0.27380952380952384,
    0.17857142857142858,
    0.39285714285714285,
    0.47619047619047616,
    0.5952380952380952
  ],
  "overall_old": [
    0.07142857142857142,
    0.25,
    0.15476190476190477,
    0.13095238095238096,
    0.16666666666666666,
    0.2857142857142857,
    0.38095238095238093,
    0.38095238095238093,
    0.13095238095238096,
    0.32142857142857145,
    0.4166666666666667,
    0.3333333333333333,
    0.30952380952380953,
    0.11904761904761904,
    0.23809523809523808,
    0.3333333333333333,
    0.05952380952380952,
    0.23809523809523808,
    0.30952380952380953,
    0.27380952380952384,
    0.25,
    0.2619047619047619,
    0.21428571428571427,
    0.09523809523809523,
    0.13095238095238096,
    0.27380952380952384,
    0.34523809523809523,
    0.2857142857142857,
    0.07142857142857142,
    0.16666666666666666,
    0.05952380952380952,
    0.17857142857142858,
    0.05952380952380952,
    0.11904761904761904,
    0.08333333333333333,
    0.36904761904761907,
    0.36904761904761907,
    0.10714285714285714,
    0.20238095238095238,
    0.20238095238095238,
    0.2619047619047619,
    0.2619047619047619,
    0.23809523809523808,
    0.2261904761904762,
    0.047619047619047616,
    0.17857142857142858,
    0.34523809523809523,
    0.21428571428571427,
    0.07142857142857142,
    0.15476190476190477,
    0.25,
    0.35714285714285715,
    0.19047619047619047,
    0.25,
    0.4523809523809524,
    0.4523809523809524,
    0.19047619047619047,
    0.07142857142857142,
    0.34523809523809523,
    0.39285714285714285
  ],
  "stats": {
    "p_scores": {
      "mean": 0.4357142857142857,
      "std": 0.1637559579429908,
      "min": 0.14285714285714285,
      "max": 0.7261904761904762,
      "median": 0.4166666666666667,
      "count": 30
    },
    "g_scores": {
      "mean": 0.2503968253968254,
      "std": 0.11645297834738264,
      "min": 0.047619047619047616,
      "max": 0.4523809523809524,
      "median": 0.25595238095238093,
      "count": 30
    },
    "objective_aware": {
      "mean": 0.2986154761904762,
      "std": 0.1797100845632636,
      "min": 0.14285714285714285,
      "max": 0.7261904761904762,
      "median": 0.1625,
      "count": 60
    },
    "forgetting": {
      "mean": 0.0,
      "std": 0.0,
      "min": 0.0,
      "max": 0.0,
      "median": 0.0,
      "count": 30
    },
    "overall_current": {
      "mean": 0.4228174603174603,
      "std": 0.18610670842100926,
      "min": 0.05952380952380952,
      "max": 0.7261904761904762,
      "median": 0.4226190476190476,
      "count": 60
    },
    "overall_old": {
      "mean": 0.22837301587301587,
      "std": 0.1102585207673136,
      "min": 0.047619047619047616,
      "max": 0.4523809523809524,
      "median": 0.23809523809523808,
      "count": 60
    },
    "overall_global": {
      "mean": 0.16184583333333333,
      "std": 0.0008144506137635898,
      "min": 0.1605,
      "max": 0.16425,
      "median": 0.16225,
      "count": 60
    },
    "across_time": {
      "local_all": {
        "mean": 0.5038690476190476,
        "std": 0.23662411755688437,
        "min": 0.33730158730158727,
        "max": 0.9630952380952382,
        "median": 0.42013888888888884,
        "count": 6
      },
      "global_all": {
        "mean": 0.18325902777777778,
        "std": 0.05101332147754443,
        "min": 0.13177916666666667,
        "max": 0.24989999999999998,
        "median": 0.16969583333333332,
        "count": 6
      },
      "objective_aware": {
        "mean": 0.35091418650793654,
        "std": 0.12533018980188743,
        "min": 0.27512976190476185,
        "max": 0.6026428571428573,
        "median": 0.2960727182539683,
        "count": 6
      },
      "objective_aware_old": {
        "mean": 0.3643849206349207,
        "std": 0.11907603827452633,
        "min": 0.2700396825396825,
        "max": 0.5986111111111111,
        "median": 0.3287698412698413,
        "count": 6
      },
      "objective_aware_global": {
        "mean": 0.35091418650793654,
        "std": 0.12533018980188743,
        "min": 0.27512976190476185,
        "max": 0.6026428571428573,
        "median": 0.2960727182539683,
        "count": 6
      },